County of Santa Barbara,,,,,,,,,,,,
Daily Rainfall Record - through 08-31-2020,,,,,,,,,,,,
,,,,,,,,,,,,
#421 - Figueroa Mtn,,,,,,,,,,,,
"Lat 34-44-04, Long 120-00-25, Elev 3250 ft",,,,,,,,,,,,
,,,,,,,,,,,,
Daily Rainfall (in inches) recorded as of 8am for the previous 24 hours (PST),,,,,,,,,,,,
"Codes: PR = Preliminary data,  E = Estimated from nearby gauge",,,,,,,,,,,,
,,,,,,,,,,,,
station id,water year,year,month,day,daily rain,code,,,,,,
421,1961,1960,10,6,0.14,,,,,,,
421,1961,1960,11,3,0.99,,,,,,,
421,1961,1960,11,4,0.18,,,,,,,
421,1961,1960,11,5,1.75,,,,,,,
421,1961,1960,11,11,1.08,,,,,,,
421,1961,1960,11,17,1.43,,,,,,,
421,1961,1960,11,26,1.35,,,,,,,
421,1961,1960,12,2,1.20,,,,,,,
421,1961,1960,12,3,0.09,,,,,,,
421,1961,1960,12,10,0.05,,,,,,,
421,1961,1960,12,14,0.05,,,,,,,
421,1961,1961,1,25,0.56,,,,,,,
421,1961,1961,1,26,1.73,,,,,,,
421,1961,1961,1,31,0.05,,,,,,,
421,1961,1961,2,17,0.46,,,,,,,
421,1961,1961,3,29,1.30,,,,,,,
421,1961,1961,4,7,0.05,,,,,,,
421,1961,1961,4,22,0.55,,,,,,,
421,1961,1961,5,7,0.10,,,,,,,
421,1961,1961,5,19,0.42,,,,,,,
421,1961,1961,5,31,0.11,,,,,,,
421,1962,1961,9,16,0.06,,,,,,,
421,1962,1961,9,17,0.02,,,,,,,
421,1962,1961,11,20,2.30,,,,,,,
421,1962,1961,11,25,0.80,,,,,,,
421,1962,1961,11,29,0.14,,,,,,,
421,1962,1961,12,2,2.13,,,,,,,
421,1962,1961,12,3,0.54,,,,,,,
421,1962,1961,12,14,0.04,,,,,,,
421,1962,1962,1,13,0.34,,,,,,,
421,1962,1962,1,22,2.50,,,,,,,
421,1962,1962,2,7,1.14,,,,,,,
421,1962,1962,2,8,1.11,,,,,,,
421,1962,1962,2,13,7.05,,,,,,,
421,1962,1962,2,14,0.12,,,,,,,
421,1962,1962,2,15,0.73,,,,,,,
421,1962,1962,2,16,0.92,,,,,,,
421,1962,1962,2,17,0.11,,,,,,,
421,1962,1962,2,19,1.10,,,,,,,
421,1962,1962,2,20,0.54,,,,,,,
421,1962,1962,2,21,0.60,,,,,,,
421,1962,1962,2,26,0.35,,,,,,,
421,1962,1962,3,2,0.22,,,,,,,
421,1962,1962,3,5,0.40,,,,,,,
421,1962,1962,3,6,0.39,,,,,,,
421,1962,1962,3,9,0.06,,,,,,,
421,1962,1962,3,10,0.04,,,,,,,
421,1962,1962,3,16,0.02,,,,,,,
421,1962,1962,3,18,0.04,,,,,,,
421,1962,1962,3,19,0.06,,,,,,,
421,1962,1962,3,20,0.08,,,,,,,
421,1962,1962,3,22,0.45,,,,,,,
421,1962,1962,5,17,0.17,,,,,,,
421,1962,1962,6,14,0.07,,,,,,,
421,1963,1962,10,17,0.53,,,,,,,
421,1963,1962,11,13,0.02,,,,,,,
421,1963,1962,11,14,0.04,,,,,,,
421,1963,1962,12,15,0.01,,,,,,,
421,1963,1962,12,16,0.08,,,,,,,
421,1963,1963,1,30,0.32,,,,,,,
421,1963,1963,1,31,1.20,,,,,,,
421,1963,1963,2,1,0.20,,,,,,,
421,1963,1963,2,9,2.24,,,,,,,
421,1963,1963,2,10,2.57,,,,,,,
421,1963,1963,2,11,0.83,,,,,,,
421,1963,1963,2,14,0.77,,,,,,,
421,1963,1963,3,15,1.45,,,,,,,
421,1963,1963,3,30,1.50,,,,,,,
421,1963,1963,4,15,1.20,,,,,,,
421,1963,1963,4,28,1.91,,,,,,,
421,1963,1963,5,26,0.21,,,,,,,
421,1963,1963,6,11,0.22,,,,,,,
421,1963,1963,6,13,0.07,,,,,,,
421,1963,1963,8,9,0.08,,,,,,,
421,1964,1963,9,4,0.34,,,,,,,
421,1964,1963,9,20,1.35,,,,,,,
421,1964,1963,10,14,0.43,,,,,,,
421,1964,1963,10,16,1.00,,,,,,,
421,1964,1963,10,17,0.04,,,,,,,
421,1964,1963,11,3,0.03,,,,,,,
421,1964,1963,11,5,0.05,,,,,,,
421,1964,1963,11,6,0.73,,,,,,,
421,1964,1963,11,15,0.51,,,,,,,
421,1964,1963,11,20,1.91,,,,,,,
421,1964,1963,11,25,0.03,,,,,,,
421,1964,1963,12,13,0.13,,,,,,,
421,1964,1964,1,14,0.10,,,,,,,
421,1964,1964,1,25,2.54,,,,,,,
421,1964,1964,2,5,0.05,,,,,,,
421,1964,1964,2,28,0.05,,,,,,,
421,1964,1964,3,6,0.37,,,,,,,
421,1964,1964,3,13,0.33,,,,,,,
421,1964,1964,3,26,2.84,,,,,,,
421,1964,1964,4,3,2.79,,,,,,,
421,1964,1964,4,20,0.02,,,,,,,
421,1964,1964,5,4,0.04,,,,,,,
421,1964,1964,5,6,0.15,,,,,,,
421,1964,1964,5,27,0.03,,,,,,,
421,1964,1964,6,9,0.34,,,,,,,
421,1964,1964,7,27,0.08,,,,,,,
421,1965,1964,10,28,1.15,,,,,,,
421,1965,1964,10,29,1.10,,,,,,,
421,1965,1964,11,8,0.24,,,,,,,
421,1965,1964,11,9,1.12,,,,,,,
421,1965,1964,11,10,1.21,,,,,,,
421,1965,1964,11,30,2.05,,,,,,,
421,1965,1964,12,18,0.05,,,,,,,
421,1965,1964,12,19,1.93,,,,,,,
421,1965,1964,12,20,0.38,,,,,,,
421,1965,1964,12,23,0.05,,,,,,,
421,1965,1964,12,26,0.14,,,,,,,
421,1965,1964,12,27,0.36,,,,,,,
421,1965,1964,12,28,0.14,,,,,,,
421,1965,1964,12,29,0.10,,,,,,,
421,1965,1964,12,30,0.09,,,,,,,
421,1965,1964,12,31,0.26,,,,,,,
421,1965,1965,1,5,0.16,,,,,,,
421,1965,1965,1,6,0.25,,,,,,,
421,1965,1965,1,23,0.32,,,,,,,
421,1965,1965,1,24,0.02,,,,,,,
421,1965,1965,2,4,0.10,,,,,,,
421,1965,1965,2,5,0.10,,,,,,,
421,1965,1965,2,27,0.02,,,,,,,
421,1965,1965,3,4,0.39,,,,,,,
421,1965,1965,3,5,0.03,,,,,,,
421,1965,1965,3,6,0.40,,,,,,,
421,1965,1965,3,7,0.17,,,,,,,
421,1965,1965,3,8,0.02,,,,,,,
421,1965,1965,3,9,0.07,,,,,,,
421,1965,1965,3,11,0.08,,,,,,,
421,1965,1965,3,12,0.25,,,,,,,
421,1965,1965,3,13,0.05,,,,,,,
421,1965,1965,3,14,0.40,,,,,,,
421,1965,1965,3,15,0.04,,,,,,,
421,1965,1965,4,1,1.57,,,,,,,
421,1965,1965,4,2,0.58,,,,,,,
421,1965,1965,4,3,0.30,,,,,,,
421,1965,1965,4,4,0.53,,,,,,,
421,1965,1965,4,5,0.08,,,,,,,
421,1965,1965,4,6,0.62,,,,,,,
421,1965,1965,4,8,1.56,,,,,,,
421,1965,1965,4,9,1.24,,,,,,,
421,1965,1965,4,10,0.07,,,,,,,
421,1965,1965,4,12,0.04,,,,,,,
421,1965,1965,7,17,0.02,,,,,,,
421,1966,1965,9,6,0.20,,,,,,,
421,1966,1965,9,18,0.59,,,,,,,
421,1966,1965,11,14,1.06,,,,,,,
421,1966,1965,11,15,0.80,,,,,,,
421,1966,1965,11,16,2.67,,,,,,,
421,1966,1965,11,17,1.46,,,,,,,
421,1966,1965,11,18,0.40,,,,,,,
421,1966,1965,11,21,0.80,,,,,,,
421,1966,1965,11,22,2.00,,,,,,,
421,1966,1965,11,23,0.13,,,,,,,
421,1966,1965,11,24,0.40,,,,,,,
421,1966,1965,12,9,0.42,,,,,,,
421,1966,1965,12,10,0.03,,,,,,,
421,1966,1965,12,12,0.51,,,,,,,
421,1966,1965,12,14,0.01,,,,,,,
421,1966,1965,12,31,4.10,,,,,,,
421,1966,1966,1,25,0.10,,,,,,,
421,1966,1966,1,29,0.20,,,,,,,
421,1966,1966,1,30,1.30,,,,,,,
421,1966,1966,2,1,0.10,,,,,,,
421,1966,1966,2,5,0.50,,,,,,,
421,1966,1966,2,6,0.50,,,,,,,
421,1966,1966,2,10,0.10,,,,,,,
421,1966,1966,3,3,0.20,,,,,,,
421,1966,1966,5,12,0.40,,,,,,,
421,1967,1966,9,29,0.20,,,,,,,
421,1967,1966,10,6,0.10,,,,,,,
421,1967,1966,11,6,0.16,,,,,,,
421,1967,1966,11,7,2.55,,,,,,,
421,1967,1966,11,8,0.43,,,,,,,
421,1967,1966,11,16,0.08,,,,,,,
421,1967,1966,11,17,0.05,,,,,,,
421,1967,1966,11,21,0.73,,,,,,,
421,1967,1966,11,22,0.08,,,,,,,
421,1967,1966,11,23,0.10,,,,,,,
421,1967,1966,11,29,0.50,,,,,,,
421,1967,1966,12,3,2.75,,,,,,,
421,1967,1966,12,5,1.45,,,,,,,
421,1967,1966,12,6,2.75,,,,,,,
421,1967,1966,12,7,1.00,,,,,,,
421,1967,1967,1,22,1.75,,,,,,,
421,1967,1967,1,24,1.72,,,,,,,
421,1967,1967,1,25,1.13,,,,,,,
421,1967,1967,1,30,0.45,,,,,,,
421,1967,1967,2,24,0.47,,,,,,,
421,1967,1967,3,13,4.07,,,,,,,
421,1967,1967,3,14,0.87,,,,,,,
421,1967,1967,3,16,0.05,,,,,,,
421,1967,1967,3,17,0.20,,,,,,,
421,1967,1967,3,31,0.95,,,,,,,
421,1967,1967,4,1,0.45,,,,,,,
421,1967,1967,4,3,0.88,,,,,,,
421,1967,1967,4,4,0.13,,,,,,,
421,1967,1967,4,5,1.15,,,,,,,
421,1967,1967,4,7,0.70,,,,,,,
421,1967,1967,4,8,0.18,,,,,,,
421,1967,1967,4,11,1.10,,,,,,,
421,1967,1967,4,12,0.80,,,,,,,
421,1967,1967,4,15,0.05,,,,,,,
421,1967,1967,4,18,1.05,,,,,,,
421,1967,1967,4,19,0.67,,,,,,,
421,1967,1967,4,20,0.67,,,,,,,
421,1967,1967,4,21,0.12,,,,,,,
421,1967,1967,4,22,0.53,,,,,,,
421,1967,1967,4,23,0.25,,,,,,,
421,1967,1967,4,29,0.12,,,,,,,
421,1967,1967,5,10,0.20,,,,,,,
421,1967,1967,6,17,0.30,,,,,,,
421,1968,1967,9,21,0.02,,,,,,,
421,1968,1967,9,28,0.16,,,,,,,
421,1968,1967,9,29,0.16,,,,,,,
421,1968,1967,11,18,0.20,,,,,,,
421,1968,1967,11,19,1.42,,,,,,,
421,1968,1967,11,20,1.07,,,,,,,
421,1968,1967,11,21,0.42,,,,,,,
421,1968,1967,11,22,0.50,,,,,,,
421,1968,1967,11,28,0.06,,,,,,,
421,1968,1967,11,30,0.90,,,,,,,
421,1968,1967,12,1,0.02,,,,,,,
421,1968,1967,12,5,0.02,,,,,,,
421,1968,1967,12,6,0.15,,,,,,,
421,1968,1967,12,8,0.18,,,,,,,
421,1968,1967,12,18,0.55,,,,,,,
421,1968,1967,12,19,0.47,,,,,,,
421,1968,1967,12,21,0.10,,,,,,,
421,1968,1968,1,11,0.51,,,,,,,
421,1968,1968,1,27,0.01,,,,,,,
421,1968,1968,1,28,0.66,,,,,,,
421,1968,1968,1,31,0.36,,,,,,,
421,1968,1968,2,13,0.27,,,,,,,
421,1968,1968,2,14,0.05,,,,,,,
421,1968,1968,2,17,0.75,,,,,,,
421,1968,1968,2,18,0.21,,,,,,,
421,1968,1968,2,21,0.10,,,,,,,
421,1968,1968,3,8,2.65,,,,,,,
421,1968,1968,3,9,0.20,,,,,,,
421,1968,1968,3,13,0.95,,,,,,,
421,1968,1968,3,15,0.37,,,,,,,
421,1968,1968,4,1,1.37,,,,,,,
421,1969,1968,10,13,0.38,,,,,,,
421,1969,1968,10,14,1.26,,,,,,,
421,1969,1968,10,30,0.61,,,,,,,
421,1969,1968,11,3,0.17,,,,,,,
421,1969,1968,11,15,1.11,,,,,,,
421,1969,1968,11,17,0.05,,,,,,,
421,1969,1968,12,11,0.51,,,,,,,
421,1969,1968,12,14,0.20,,,,,,,
421,1969,1968,12,15,0.86,,,,,,,
421,1969,1968,12,16,0.62,,,,,,,
421,1969,1968,12,20,0.10,,,,,,,
421,1969,1968,12,24,0.10,,,,,,,
421,1969,1968,12,25,0.50,,,,,,,
421,1969,1968,12,26,0.40,,,,,,,
421,1969,1969,1,13,0.20,,,,,,,
421,1969,1969,1,14,0.10,,,,,,,
421,1969,1969,1,18,1.00,,,,,,,
421,1969,1969,1,19,4.90,,,,,,,
421,1969,1969,1,20,0.70,,,,,,,
421,1969,1969,1,21,3.00,,,,,,,
421,1969,1969,1,22,0.20,,,,,,,
421,1969,1969,1,23,0.30,,,,,,,
421,1969,1969,1,24,2.50,,,,,,,
421,1969,1969,1,25,3.40,,,,,,,
421,1969,1969,1,31,2.60,,,,,,,
421,1969,1969,2,5,1.60,,,,,,,
421,1969,1969,2,6,1.10,,,,,,,
421,1969,1969,2,12,0.30,,,,,,,
421,1969,1969,2,15,0.80,,,,,,,
421,1969,1969,2,17,0.40,,,,,,,
421,1969,1969,2,18,0.30,,,,,,,
421,1969,1969,2,19,0.40,,,,,,,
421,1969,1969,2,20,0.10,,,,,,,
421,1969,1969,2,22,0.90,,,,,,,
421,1969,1969,2,25,0.40,,,,,,,
421,1969,1969,2,26,1.50,,,,,,,
421,1969,1969,2,27,3.70,,,,,,,
421,1969,1969,3,1,0.90,,,,,,,
421,1969,1969,3,2,0.10,,,,,,,
421,1969,1969,3,9,0.10,,,,,,,
421,1969,1969,3,10,0.40,,,,,,,
421,1969,1969,3,12,0.10,,,,,,,
421,1969,1969,3,20,0.30,,,,,,,
421,1969,1969,3,21,0.30,,,,,,,
421,1969,1969,4,2,1.00,,,,,,,
421,1969,1969,4,5,0.10,,,,,,,
421,1969,1969,7,13,0.10,,,,,,,
421,1970,1969,9,6,0.16,,,,,,,
421,1970,1969,10,16,0.23,,,,,,,
421,1970,1969,10,17,0.22,,,,,,,
421,1970,1969,11,6,0.88,,,,,,,
421,1970,1969,11,7,0.24,,,,,,,
421,1970,1969,11,8,0.06,,,,,,,
421,1970,1969,12,8,0.16,,,,,,,
421,1970,1969,12,9,0.11,,,,,,,
421,1970,1969,12,19,0.12,,,,,,,
421,1970,1969,12,20,0.12,,,,,,,
421,1970,1969,12,21,0.01,,,,,,,
421,1970,1969,12,26,0.26,,,,,,,
421,1970,1970,1,9,0.45,,,,,,,
421,1970,1970,1,10,1.12,,,,,,,
421,1970,1970,1,11,0.22,,,,,,,
421,1970,1970,1,15,0.27,,,,,,,
421,1970,1970,1,16,1.40,,,,,,,
421,1970,1970,1,17,0.86,,,,,,,
421,1970,1970,1,20,0.04,,,,,,,
421,1970,1970,1,24,0.20,,,,,,,
421,1970,1970,1,27,0.04,,,,,,,
421,1970,1970,2,10,0.68,,,,,,,
421,1970,1970,2,11,0.19,,,,,,,
421,1970,1970,2,12,0.01,,,,,,,
421,1970,1970,2,13,0.05,,,,,,,
421,1970,1970,2,14,0.16,,,,,,,
421,1970,1970,2,17,0.10,,,,,,,
421,1970,1970,2,28,1.03,,,,,,,
421,1970,1970,3,1,3.68,,,,,,,
421,1970,1970,3,2,0.52,,,,,,,
421,1970,1970,3,5,1.31,,,,,,,
421,1970,1970,4,13,0.10,,,,,,,
421,1970,1970,4,28,0.10,,,,,,,
421,1970,1970,6,9,0.10,,,,,,,
421,1971,1970,10,21,0.16,,,,,,,
421,1971,1970,11,5,0.28,,,,,,,
421,1971,1970,11,6,0.18,,,,,,,
421,1971,1970,11,7,0.04,,,,,,,
421,1971,1970,11,9,0.10,,,,,,,
421,1971,1970,11,26,2.50,,,,,,,
421,1971,1970,11,28,0.05,,,,,,,
421,1971,1970,11,29,2.40,,,,,,,
421,1971,1970,11,30,0.60,,,,,,,
421,1971,1970,12,1,0.09,,,,,,,
421,1971,1970,12,2,1.30,,,,,,,
421,1971,1970,12,9,0.12,,,,,,,
421,1971,1970,12,14,0.10,,,,,,,
421,1971,1970,12,16,0.17,,,,,,,
421,1971,1970,12,17,0.65,,,,,,,
421,1971,1970,12,18,0.50,,,,,,,
421,1971,1970,12,19,1.07,,,,,,,
421,1971,1970,12,20,0.01,,,,,,,
421,1971,1970,12,21,1.37,,,,,,,
421,1971,1970,12,22,0.45,,,,,,,
421,1971,1970,12,26,0.17,,,,,,,
421,1971,1970,12,28,0.21,,,,,,,
421,1971,1971,1,4,0.12,,,,,,,
421,1971,1971,1,12,0.24,,,,,,,
421,1971,1971,1,13,0.39,,,,,,,
421,1971,1971,1,14,0.29,,,,,,,
421,1971,1971,2,17,0.55,,,,,,,
421,1971,1971,2,18,0.05,,,,,,,
421,1971,1971,2,19,0.03,,,,,,,
421,1971,1971,3,13,0.99,,,,,,,
421,1971,1971,3,26,0.11,,,,,,,
421,1971,1971,4,14,1.11,,,,,,,
421,1971,1971,4,15,0.05,,,,,,,
421,1971,1971,4,17,0.37,,,,,,,
421,1971,1971,5,5,0.16,,,,,,,
421,1971,1971,5,8,0.10,,,,,,,
421,1971,1971,5,9,0.15,,,,,,,
421,1971,1971,5,27,0.05,,,,,,,
421,1971,1971,5,28,1.30,,,,,,,
421,1971,1971,5,29,0.03,,,,,,,
421,1972,1971,9,13,0.05,,,,,,,
421,1972,1971,10,6,0.11,,,,,,,
421,1972,1971,10,17,0.10,,,,,,,
421,1972,1971,10,24,0.11,,,,,,,
421,1972,1971,10,25,0.05,,,,,,,
421,1972,1971,11,11,0.11,,,,,,,
421,1972,1971,11,12,0.48,,,,,,,
421,1972,1971,11,14,0.04,,,,,,,
421,1972,1971,11,29,0.05,,,,,,,
421,1972,1971,12,3,0.23,,,,,,,
421,1972,1971,12,4,0.04,,,,,,,
421,1972,1971,12,13,0.35,,,,,,,
421,1972,1971,12,22,0.46,,,,,,,
421,1972,1971,12,23,1.27,,,,,,,
421,1972,1971,12,24,0.50,,,,,,,
421,1972,1971,12,27,3.60,,,,,,,
421,1972,1971,12,28,0.35,,,,,,,
421,1972,1972,1,27,0.15,,,,,,,
421,1972,1972,1,28,0.13,,,,,,,
421,1972,1972,2,5,0.33,,,,,,,
421,1972,1972,2,6,0.30,,,,,,,
421,1972,1972,2,22,0.06,,,,,,,
421,1972,1972,4,10,0.05,,,,,,,
421,1972,1972,4,11,0.23,,,,,,,
421,1972,1972,4,13,0.10,,,,,,,
421,1972,1972,5,19,0.06,,,,,,,
421,1972,1972,6,9,0.03,,,,,,,
421,1972,1972,7,30,0.07,,,,,,,
421,1973,1972,10,8,0.08,,,,,,,
421,1973,1972,10,10,0.03,,,,,,,
421,1973,1972,10,11,0.01,,,,,,,
421,1973,1972,10,13,0.02,,,,,,,
421,1973,1972,10,14,0.02,,,,,,,
421,1973,1972,10,15,0.52,,,,,,,
421,1973,1972,10,19,0.03,,,,,,,
421,1973,1972,10,20,0.01,,,,,,,
421,1973,1972,11,4,0.20,,,,,,,
421,1973,1972,11,5,0.35,,,,,,,
421,1973,1972,11,7,0.11,,,,,,,
421,1973,1972,11,8,0.26,,,,,,,
421,1973,1972,11,11,1.27,,,,,,,
421,1973,1972,11,12,0.65,,,,,,,
421,1973,1972,11,13,1.15,,,,,,,
421,1973,1972,11,14,0.08,,,,,,,
421,1973,1972,11,15,0.77,,,,,,,
421,1973,1972,11,16,0.90,,,,,,,
421,1973,1972,12,5,1.26,,,,,,,
421,1973,1972,12,6,0.40,,,,,,,
421,1973,1972,12,7,0.10,,,,,,,
421,1973,1973,1,8,0.01,,,,,,,
421,1973,1973,1,9,0.70,,,,,,,
421,1973,1973,1,10,0.52,,,,,,,
421,1973,1973,1,16,0.06,,,,,,,
421,1973,1973,1,17,1.34,,,,,,,
421,1973,1973,1,18,0.16,,,,,,,
421,1973,1973,1,19,2.50,,,,,,,
421,1973,1973,1,21,0.03,,,,,,,
421,1973,1973,1,25,0.02,,,,,,,
421,1973,1973,1,30,0.07,,,,,,,
421,1973,1973,2,5,1.34,,,,,,,
421,1973,1973,2,6,0.18,,,,,,,
421,1973,1973,2,7,1.34,,,,,,,
421,1973,1973,2,8,0.02,,,,,,,
421,1973,1973,2,10,0.37,,,,,,,
421,1973,1973,2,11,2.80,,,,,,,
421,1973,1973,2,12,0.23,,,,,,,
421,1973,1973,2,13,0.64,,,,,,,
421,1973,1973,2,14,0.06,,,,,,,
421,1973,1973,2,15,0.27,,,,,,,
421,1973,1973,2,24,0.30,,,,,,,
421,1973,1973,2,27,0.12,,,,,,,
421,1973,1973,2,28,1.94,,,,,,,
421,1973,1973,3,1,0.40,,,,,,,
421,1973,1973,3,6,0.02,,,,,,,
421,1973,1973,3,7,0.60,,,,,,,
421,1973,1973,3,8,0.38,,,,,,,
421,1973,1973,3,9,0.07,,,,,,,
421,1973,1973,3,11,0.40,,,,,,,
421,1973,1973,3,12,0.02,,,,,,,
421,1973,1973,3,20,1.50,,,,,,,
421,1973,1973,3,21,0.15,,,,,,,
421,1973,1973,3,22,0.68,,,,,,,
421,1973,1973,8,4,0.02,,,,,,,
421,1974,1973,9,4,0.22,,,,,,,
421,1974,1973,10,8,0.40,,,,,,,
421,1974,1973,10,23,0.34,,,,,,,
421,1974,1973,11,12,0.86,,,,,,,
421,1974,1973,11,13,0.01,,,,,,,
421,1974,1973,11,17,0.38,,,,,,,
421,1974,1973,11,18,2.09,,,,,,,
421,1974,1973,11,23,0.57,,,,,,,
421,1974,1973,12,1,2.06,,,,,,,
421,1974,1973,12,2,0.02,,,,,,,
421,1974,1973,12,14,0.22,,,,,,,
421,1974,1973,12,22,0.32,,,,,,,
421,1974,1973,12,27,0.15,,,,,,,
421,1974,1973,12,28,0.25,,,,,,,
421,1974,1974,1,2,0.31,,,,,,,
421,1974,1974,1,4,1.35,,,,,,,
421,1974,1974,1,5,0.48,,,,,,,
421,1974,1974,1,6,0.08,,,,,,,
421,1974,1974,1,7,2.00,,,,,,,
421,1974,1974,1,8,1.48,,,,,,,
421,1974,1974,1,12,0.24,,,,,,,
421,1974,1974,1,13,0.06,,,,,,,
421,1974,1974,1,17,0.98,,,,,,,
421,1974,1974,1,18,0.02,,,,,,,
421,1974,1974,1,20,0.03,,,,,,,
421,1974,1974,1,21,0.16,,,,,,,
421,1974,1974,2,13,0.02,,,,,,,
421,1974,1974,2,28,0.09,,,,,,,
421,1974,1974,3,1,0.10,,,,,,,
421,1974,1974,3,2,1.67,,,,,,,
421,1974,1974,3,3,0.32,,,,,,,
421,1974,1974,3,7,0.01,,,,,,,
421,1974,1974,3,8,1.04,,,,,,,
421,1974,1974,3,21,0.06,,,,,,,
421,1974,1974,3,26,0.21,,,,,,,
421,1974,1974,3,27,0.57,,,,,,,
421,1974,1974,3,28,0.07,,,,,,,
421,1974,1974,3,29,0.27,,,,,,,
421,1974,1974,4,1,0.50,,,,,,,
421,1974,1974,4,2,1.50,,,,,,,
421,1974,1974,4,8,0.01,,,,,,,
421,1974,1974,4,9,0.02,,,,,,,
421,1974,1974,4,24,0.23,,,,,,,
421,1974,1974,4,25,0.03,,,,,,,
421,1974,1974,5,22,0.22,,,,,,,
421,1975,1974,10,8,0.15,,,,,,,
421,1975,1974,10,28,0.87,,,,,,,
421,1975,1974,10,29,0.89,,,,,,,
421,1975,1974,11,2,0.20,,,,,,,
421,1975,1974,11,22,0.40,,,,,,,
421,1975,1974,12,4,3.75,,,,,,,
421,1975,1974,12,28,1.60,,,,,,,
421,1975,1975,1,7,0.02,,,,,,,
421,1975,1975,1,8,0.11,,,,,,,
421,1975,1975,1,31,0.02,,,,,,,
421,1975,1975,2,1,0.18,,,,,,,
421,1975,1975,2,2,0.50,,,,,,,
421,1975,1975,2,3,2.27,,,,,,,
421,1975,1975,2,4,0.31,,,,,,,
421,1975,1975,2,5,0.68,,,,,,,
421,1975,1975,2,9,0.40,,,,,,,
421,1975,1975,2,10,0.60,,,,,,,
421,1975,1975,3,5,0.21,,,,,,,
421,1975,1975,3,6,1.95,,,,,,,
421,1975,1975,3,7,0.74,,,,,,,
421,1975,1975,3,8,1.50,,,,,,,
421,1975,1975,3,9,0.65,,,,,,,
421,1975,1975,3,10,0.22,,,,,,,
421,1975,1975,3,11,0.38,,,,,,,
421,1975,1975,3,14,0.45,,,,,,,
421,1975,1975,3,16,0.15,,,,,,,
421,1975,1975,3,25,0.15,,,,,,,
421,1975,1975,4,6,0.45,,,,,,,
421,1975,1975,4,9,0.04,,,,,,,
421,1975,1975,4,15,0.25,,,,,,,
421,1975,1975,4,17,0.30,,,,,,,
421,1975,1975,4,25,0.42,,,,,,,
421,1976,1975,10,11,0.77,,,,,,,
421,1976,1975,10,30,0.33,,,,,,,
421,1976,1975,11,27,0.03,,,,,,,
421,1976,1975,11,28,0.44,,,,,,,
421,1976,1975,12,12,0.17,,,,,,,
421,1976,1975,12,13,0.03,,,,,,,
421,1976,1976,2,4,0.07,,,,,,,
421,1976,1976,2,5,0.25,,,,,,,
421,1976,1976,2,6,1.69,,,,,,,
421,1976,1976,2,7,0.67,,,,,,,
421,1976,1976,2,8,1.22,,,,,,,
421,1976,1976,2,9,1.33,,,,,,,
421,1976,1976,2,10,1.24,,,,,,,
421,1976,1976,2,14,0.11,,,,,,,
421,1976,1976,2,24,0.05,,,,,,,
421,1976,1976,3,1,1.82,,,,,,,
421,1976,1976,3,2,0.10,,,,,,,
421,1976,1976,3,3,0.82,,,,,,,
421,1976,1976,3,10,0.02,,,,,,,
421,1976,1976,4,4,0.44,,,,,,,
421,1976,1976,4,8,0.36,,,,,,,
421,1976,1976,4,9,0.08,,,,,,,
421,1976,1976,4,10,0.28,,,,,,,
421,1976,1976,4,12,0.68,,,,,,,
421,1976,1976,4,13,0.40,,,,,,,
421,1976,1976,4,15,0.08,,,,,,,
421,1976,1976,6,10,0.15,,,,,,,
421,1976,1976,8,15,0.27,,,,,,,
421,1976,1976,8,16,0.04,,,,,,,
421,1976,1976,8,19,0.34,,,,,,,
421,1976,1976,8,20,0.14,,,,,,,
421,1977,1976,9,4,0.16,,,,,,,
421,1977,1976,9,5,0.05,,,,,,,
421,1977,1976,9,6,0.08,,,,,,,
421,1977,1976,9,9,0.06,,,,,,,
421,1977,1976,9,10,0.40,,,,,,,
421,1977,1976,9,11,2.49,,,,,,,
421,1977,1976,9,28,0.02,,,,,,,
421,1977,1976,9,29,1.80,,,,,,,
421,1977,1976,10,1,0.65,,,,,,,
421,1977,1976,10,2,0.03,,,,,,,
421,1977,1976,10,21,0.02,,,,,,,
421,1977,1976,10,22,0.03,,,,,,,
421,1977,1976,11,11,0.58,,,,,,,
421,1977,1976,11,14,0.12,,,,,,,
421,1977,1976,12,30,0.47,,,,,,,
421,1977,1976,12,31,0.52,,,,,,,
421,1977,1977,1,1,0.10,,,,,,,
421,1977,1977,1,2,1.07,,,,,,,
421,1977,1977,1,5,1.48,,,,,,,
421,1977,1977,1,6,0.64,,,,,,,
421,1977,1977,1,20,0.02,,,,,,,
421,1977,1977,1,28,0.08,,,,,,,
421,1977,1977,2,23,0.15,,,,,,,
421,1977,1977,3,15,0.08,,,,,,,
421,1977,1977,3,16,1.21,,,,,,,
421,1977,1977,3,17,0.50,,,,,,,
421,1977,1977,3,24,0.62,,,,,,,
421,1977,1977,4,30,0.03,,,,,,,
421,1977,1977,5,6,0.04,,,,,,,
421,1977,1977,5,7,0.11,,,,,,,
421,1977,1977,5,8,0.63,,,,,,,
421,1977,1977,5,9,1.54,,,,,,,
421,1977,1977,5,10,1.00,,,,,,,
421,1977,1977,5,12,0.15,,,,,,,
421,1977,1977,5,13,0.01,,,,,,,
421,1977,1977,5,14,0.13,,,,,,,
421,1977,1977,8,17,0.02,,,,,,,
421,1978,1977,9,20,0.02,,,,,,,
421,1978,1977,9,27,0.01,,,,,,,
421,1978,1977,10,19,0.02,,,,,,,
421,1978,1977,10,29,0.01,,,,,,,
421,1978,1977,11,5,0.30,,,,,,,
421,1978,1977,12,15,0.07,,,,,,,
421,1978,1977,12,16,0.06,,,,,,,
421,1978,1977,12,17,0.16,,,,,,,
421,1978,1977,12,18,1.34,,,,,,,
421,1978,1977,12,21,0.15,,,,,,,
421,1978,1977,12,22,0.08,,,,,,,
421,1978,1977,12,23,0.14,,,,,,,
421,1978,1977,12,24,0.05,,,,,,,
421,1978,1977,12,25,0.22,,,,,,,
421,1978,1977,12,26,0.61,,,,,,,
421,1978,1977,12,27,2.51,,,,,,,
421,1978,1977,12,30,0.06,,,,,,,
421,1978,1978,1,3,0.64,,,,,,,
421,1978,1978,1,4,0.38,,,,,,,
421,1978,1978,1,5,0.12,,,,,,,
421,1978,1978,1,6,0.30,,,,,,,
421,1978,1978,1,9,0.06,,,,,,,
421,1978,1978,1,10,0.96,,,,,,,
421,1978,1978,1,14,0.07,,,,,,,
421,1978,1978,1,15,1.82,,,,,,,
421,1978,1978,1,16,0.10,,,,,,,
421,1978,1978,1,17,2.36,,,,,,,
421,1978,1978,1,19,0.39,,,,,,,
421,1978,1978,2,4,0.07,,,,,,,
421,1978,1978,2,6,0.27,,,,,,,
421,1978,1978,2,8,1.60,,,,,,,
421,1978,1978,2,9,2.85,,,,,,,
421,1978,1978,2,10,5.40,,,,,,,
421,1978,1978,2,11,0.30,,,,,,,
421,1978,1978,2,12,1.30,,,,,,,
421,1978,1978,2,14,0.15,,,,,,,
421,1978,1978,2,28,0.06,,,,,,,
421,1978,1978,3,1,1.25,,,,,,,
421,1978,1978,3,2,1.18,,,,,,,
421,1978,1978,3,3,0.53,,,,,,,
421,1978,1978,3,4,3.25,,,,,,,
421,1978,1978,3,5,1.12,,,,,,,
421,1978,1978,3,6,0.23,,,,,,,
421,1978,1978,3,9,0.32,,,,,,,
421,1978,1978,3,10,0.27,,,,,,,
421,1978,1978,3,11,0.03,,,,,,,
421,1978,1978,3,12,0.15,,,,,,,
421,1978,1978,3,13,0.03,,,,,,,
421,1978,1978,3,21,0.20,,,,,,,
421,1978,1978,3,22,0.76,,,,,,,
421,1978,1978,3,30,0.10,,,,,,,
421,1978,1978,3,31,1.92,,,,,,,
421,1978,1978,4,1,0.01,,,,,,,
421,1978,1978,4,4,0.63,,,,,,,
421,1978,1978,4,5,0.08,,,,,,,
421,1978,1978,4,7,0.62,,,,,,,
421,1978,1978,4,8,0.17,,,,,,,
421,1978,1978,4,15,0.10,,,,,,,
421,1978,1978,4,16,1.22,,,,,,,
421,1978,1978,4,17,0.06,,,,,,,
421,1978,1978,4,24,0.47,,,,,,,
421,1978,1978,4,26,0.13,,,,,,,
421,1978,1978,4,27,0.07,,,,,,,
421,1978,1978,5,1,0.03,,,,,,,
421,1979,1978,9,5,2.38,,,,,,,
421,1979,1978,9,6,0.40,,,,,,,
421,1979,1978,11,13,1.30,,,,,,,
421,1979,1978,11,21,0.20,,,,,,,
421,1979,1978,11,22,1.60,,,,,,,
421,1979,1978,11,23,0.50,,,,,,,
421,1979,1978,12,4,0.10,,,,,,,
421,1979,1978,12,18,0.80,,,,,,,
421,1979,1978,12,19,0.90,,,,,,,
421,1979,1978,12,20,0.10,,,,,,,
421,1979,1979,1,5,0.60,,,,,,,
421,1979,1979,1,8,0.90,,,,,,,
421,1979,1979,1,9,0.20,,,,,,,
421,1979,1979,1,15,1.60,,,,,,,
421,1979,1979,1,16,0.80,,,,,,,
421,1979,1979,1,17,0.30,,,,,,,
421,1979,1979,1,18,0.40,,,,,,,
421,1979,1979,1,31,0.70,,,,,,,
421,1979,1979,2,1,1.20,,,,,,,
421,1979,1979,2,2,0.30,,,,,,,
421,1979,1979,2,3,0.10,,,,,,,
421,1979,1979,2,14,1.40,,,,,,,
421,1979,1979,2,16,0.40,,,,,,,
421,1979,1979,2,21,1.00,,,,,,,
421,1979,1979,2,22,0.40,,,,,,,
421,1979,1979,2,23,0.50,,,,,,,
421,1979,1979,2,26,0.10,,,,,,,
421,1979,1979,3,1,0.40,,,,,,,
421,1979,1979,3,13,0.10,,,,,,,
421,1979,1979,3,14,0.10,,,,,,,
421,1979,1979,3,16,0.40,,,,,,,
421,1979,1979,3,19,1.00,,,,,,,
421,1979,1979,3,20,0.20,,,,,,,
421,1979,1979,3,27,1.40,,,,,,,
421,1979,1979,3,28,1.20,,,,,,,
421,1979,1979,3,29,0.80,,,,,,,
421,1979,1979,3,30,0.10,,,,,,,
421,1979,1979,4,9,0.07,,,,,,,
421,1980,1979,9,29,0.40,,,,,,,
421,1980,1979,10,20,0.60,,,,,,,
421,1980,1979,10,26,0.10,,,,,,,
421,1980,1979,11,4,0.60,,,,,,,
421,1980,1979,11,8,0.60,,,,,,,
421,1980,1979,11,9,0.20,,,,,,,
421,1980,1979,11,17,0.20,,,,,,,
421,1980,1979,12,20,0.10,,,,,,,
421,1980,1979,12,24,0.40,,,,,,,
421,1980,1979,12,25,1.20,,,,,,,
421,1980,1980,1,1,0.40,,,,,,,
421,1980,1980,1,7,0.10,,,,,,,
421,1980,1980,1,9,1.20,,,,,,,
421,1980,1980,1,10,0.60,,,,,,,
421,1980,1980,1,11,1.40,,,,,,,
421,1980,1980,1,14,3.10,,,,,,,
421,1980,1980,1,15,1.20,,,,,,,
421,1980,1980,1,16,0.10,,,,,,,
421,1980,1980,1,17,0.20,,,,,,,
421,1980,1980,1,18,0.30,,,,,,,
421,1980,1980,1,29,0.60,,,,,,,
421,1980,1980,2,13,0.10,,,,,,,
421,1980,1980,2,14,0.20,,,,,,,
421,1980,1980,2,15,0.60,,,,,,,
421,1980,1980,2,16,0.30,,,,,,,
421,1980,1980,2,18,5.60,,,,,,,
421,1980,1980,2,19,2.00,,,,,,,
421,1980,1980,2,20,1.70,,,,,,,
421,1980,1980,2,21,1.40,,,,,,,
421,1980,1980,2,28,0.10,,,,,,,
421,1980,1980,3,3,1.00,,,,,,,
421,1980,1980,3,4,0.10,,,,,,,
421,1980,1980,3,5,0.40,,,,,,,
421,1980,1980,3,6,1.90,,,,,,,
421,1980,1980,3,11,0.10,,,,,,,
421,1980,1980,3,26,0.30,,,,,,,
421,1980,1980,4,6,0.10,,,,,,,
421,1980,1980,4,22,0.90,,,,,,,
421,1980,1980,4,29,0.70,,,,,,,
421,1980,1980,5,10,0.50,,,,,,,
421,1981,1980,12,4,1.00,,,,,,,
421,1981,1980,12,5,0.20,,,,,,,
421,1981,1981,1,3,0.10,,,,,,,
421,1981,1981,1,12,0.10,,,,,,,
421,1981,1981,1,23,1.50,,,,,,,
421,1981,1981,1,28,1.80,,,,,,,
421,1981,1981,1,30,2.10,,,,,,,
421,1981,1981,2,9,2.20,,,,,,,
421,1981,1981,2,25,0.10,,,,,,,
421,1981,1981,2,26,1.20,,,,,,,
421,1981,1981,3,2,2.60,,,,,,,
421,1981,1981,3,3,0.80,,,,,,,
421,1981,1981,3,5,1.80,,,,,,,
421,1981,1981,3,13,0.10,,,,,,,
421,1981,1981,3,14,0.50,,,,,,,
421,1981,1981,3,19,0.40,,,,,,,
421,1981,1981,3,20,0.70,,,,,,,
421,1981,1981,3,23,1.20,,,,,,,
421,1981,1981,3,26,0.40,,,,,,,
421,1981,1981,4,3,0.30,,,,,,,
421,1981,1981,4,20,1.50,,,,,,,
421,1982,1981,10,1,0.08,,,,,,,
421,1982,1981,10,2,0.60,,,,,,,
421,1982,1981,10,28,0.15,,,,,,,
421,1982,1981,10,29,0.12,,,,,,,
421,1982,1981,11,5,0.11,,,,,,,
421,1982,1981,11,14,0.22,,,,,,,
421,1982,1981,11,17,0.16,,,,,,,
421,1982,1981,11,27,1.10,,,,,,,
421,1982,1981,11,28,0.50,,,,,,,
421,1982,1981,12,21,0.32,,,,,,,
421,1982,1981,12,30,1.40,,,,,,,
421,1982,1982,1,1,0.51,,,,,,,
421,1982,1982,1,2,0.30,,,,,,,
421,1982,1982,1,5,0.70,,,,,,,
421,1982,1982,1,6,0.10,,,,,,,
421,1982,1982,1,20,1.00,,,,,,,
421,1982,1982,1,21,1.00,,,,,,,
421,1982,1982,1,22,0.10,,,,,,,
421,1982,1982,1,27,0.10,,,,,,,
421,1982,1982,1,29,0.20,,,,,,,
421,1982,1982,2,8,0.10,,,,,,,
421,1982,1982,2,10,0.10,,,,,,,
421,1982,1982,2,11,0.40,,,,,,,
421,1982,1982,2,16,0.40,,,,,,,
421,1982,1982,2,17,0.10,,,,,,,
421,1982,1982,3,1,0.91,,,,,,,
421,1982,1982,3,2,0.07,,,,,,,
421,1982,1982,3,8,0.03,,,,,,,
421,1982,1982,3,11,0.48,,,,,,,
421,1982,1982,3,12,0.90,,,,,,,
421,1982,1982,3,14,0.42,,,,,,,
421,1982,1982,3,15,0.50,,,,,,,
421,1982,1982,3,16,0.38,,,,,,,
421,1982,1982,3,17,1.03,,,,,,,
421,1982,1982,3,18,0.95,,,,,,,
421,1982,1982,3,19,0.55,,,,,,,
421,1982,1982,3,26,0.33,,,,,,,
421,1982,1982,3,29,0.82,,,,,,,
421,1982,1982,3,30,0.52,,,,,,,
421,1982,1982,3,31,0.01,,,,,,,
421,1982,1982,4,1,1.36,,,,,,,
421,1982,1982,4,2,0.32,,,,,,,
421,1982,1982,4,11,2.35,,,,,,,
421,1982,1982,4,12,0.45,,,,,,,
421,1982,1982,6,30,0.24,,,,,,,
421,1983,1982,9,8,0.24,,,,,,,
421,1983,1982,9,16,0.36,,,,,,,
421,1983,1982,9,18,0.02,,,,,,,
421,1983,1982,9,24,0.12,,,,,,,
421,1983,1982,9,26,0.42,,,,,,,
421,1983,1982,10,24,0.28,,,,,,,
421,1983,1982,10,26,0.87,,,,,,,
421,1983,1982,10,30,0.28,,,,,,,
421,1983,1982,10,31,0.40,,,,,,,
421,1983,1982,11,9,0.47,,,,,,,
421,1983,1982,11,10,0.77,,,,,,,
421,1983,1982,11,11,0.07,,,,,,,
421,1983,1982,11,19,1.32,,,,,,,
421,1983,1982,11,23,0.40,,,,,,,
421,1983,1982,11,24,0.46,,,,,,,
421,1983,1982,11,28,0.24,,,,,,,
421,1983,1982,11,29,0.70,,,,,,,
421,1983,1982,11,30,2.74,,,,,,,
421,1983,1982,12,1,0.31,,,,,,,
421,1983,1982,12,22,0.33,,,,,,,
421,1983,1982,12,23,3.67,,,,,,,
421,1983,1983,1,19,1.30,,,,,,,
421,1983,1983,1,22,0.15,,,,,,,
421,1983,1983,1,23,2.45,,,,,,,
421,1983,1983,1,24,1.20,,,,,,,
421,1983,1983,1,25,0.40,,,,,,,
421,1983,1983,1,27,2.20,,,,,,,
421,1983,1983,1,28,0.50,,,,,,,
421,1983,1983,1,30,1.80,,,,,,,
421,1983,1983,2,2,0.10,,,,,,,
421,1983,1983,2,3,0.20,,,,,,,
421,1983,1983,2,7,1.10,,,,,,,
421,1983,1983,2,8,1.50,,,,,,,
421,1983,1983,2,13,1.10,,,,,,,
421,1983,1983,2,18,0.10,,,,,,,
421,1983,1983,2,24,0.20,,,,,,,
421,1983,1983,2,25,0.10,,,,,,,
421,1983,1983,2,26,1.30,,,,,,,
421,1983,1983,2,27,1.50,,,,,,,
421,1983,1983,2,28,0.40,,,,,,,
421,1983,1983,3,1,2.52,,,,,,,
421,1983,1983,3,2,3.42,,,,,,,
421,1983,1983,3,3,1.85,,,,,,,
421,1983,1983,3,4,0.62,,,,,,,
421,1983,1983,3,5,0.11,,,,,,,
421,1983,1983,3,6,0.23,,,,,,,
421,1983,1983,3,7,0.23,,,,,,,
421,1983,1983,3,13,0.04,,,,,,,
421,1983,1983,3,14,0.67,,,,,,,
421,1983,1983,3,17,0.23,,,,,,,
421,1983,1983,3,18,0.60,,,,,,,
421,1983,1983,3,19,0.10,,,,,,,
421,1983,1983,3,21,1.30,,,,,,,
421,1983,1983,3,23,0.50,,,,,,,
421,1983,1983,3,24,1.00,,,,,,,
421,1983,1983,3,25,0.07,,,,,,,
421,1983,1983,3,28,0.16,,,,,,,
421,1983,1983,4,6,0.03,,,,,,,
421,1983,1983,4,12,0.10,,,,,,,
421,1983,1983,4,13,0.10,,,,,,,
421,1983,1983,4,18,1.60,,,,,,,
421,1983,1983,4,19,0.50,,,,,,,
421,1983,1983,4,20,0.50,,,,,,,
421,1983,1983,4,21,0.90,,,,,,,
421,1983,1983,4,24,0.20,,,,,,,
421,1983,1983,4,28,0.30,,,,,,,
421,1983,1983,4,29,0.20,,,,,,,
421,1983,1983,4,30,0.90,,,,,,,
421,1983,1983,5,1,0.32,,,,,,,
421,1983,1983,5,2,0.16,,,,,,,
421,1983,1983,5,6,0.10,,,,,,,
421,1983,1983,8,15,0.04,,,,,,,
421,1983,1983,8,19,0.43,,,,,,,
421,1984,1983,9,29,0.10,,,,,,,
421,1984,1983,9,30,1.30,,,,,,,
421,1984,1983,10,1,2.12,,,,,,,
421,1984,1983,11,1,0.43,,,,,,,
421,1984,1983,11,2,0.91,,,,,,,
421,1984,1983,11,11,0.24,,,,,,,
421,1984,1983,11,12,0.18,,,,,,,
421,1984,1983,11,13,0.18,,,,,,,
421,1984,1983,11,17,0.04,,,,,,,
421,1984,1983,11,18,0.39,,,,,,,
421,1984,1983,11,20,0.47,,,,,,,
421,1984,1983,11,21,0.20,,,,,,,
421,1984,1983,11,24,2.36,,,,,,,
421,1984,1983,12,4,0.76,,,,,,,
421,1984,1983,12,10,0.88,,,,,,,
421,1984,1983,12,12,0.20,,,,,,,
421,1984,1983,12,25,1.72,,,,,,,
421,1984,1983,12,26,1.32,,,,,,,
421,1984,1983,12,27,0.16,,,,,,,
421,1984,1984,1,17,0.20,,,,,,,
421,1984,1984,2,10,0.04,,,,,,,
421,1984,1984,2,14,0.04,,,,,,,
421,1984,1984,2,16,0.12,,,,,,,
421,1984,1984,3,14,0.94,,,,,,,
421,1984,1984,4,6,0.24,,,,,,,
421,1984,1984,4,19,0.24,,,,,,,
421,1985,1984,9,12,0.20,,,,,,,
421,1985,1984,9,13,0.20,,,,,,,
421,1985,1984,10,12,0.30,,,,,,,
421,1985,1984,10,17,0.90,,,,,,,
421,1985,1984,11,8,0.80,,,,,,,
421,1985,1984,11,13,1.20,,,,,,,
421,1985,1984,11,16,0.70,,,,,,,
421,1985,1984,11,25,0.60,,,,,,,
421,1985,1984,11,28,0.60,,,,,,,
421,1985,1984,12,3,0.40,,,,,,,
421,1985,1984,12,8,0.45,,,,,,,
421,1985,1984,12,10,0.05,,,,,,,
421,1985,1984,12,11,0.40,,,,,,,
421,1985,1984,12,16,0.90,,,,,,,
421,1985,1984,12,18,0.40,,,,,,,
421,1985,1984,12,19,0.80,,,,,,,
421,1985,1984,12,20,1.20,,,,,,,
421,1985,1985,1,7,0.19,,,,,,,
421,1985,1985,1,8,0.15,,,,,,,
421,1985,1985,1,10,0.15,,,,,,,
421,1985,1985,1,29,0.20,,,,,,,
421,1985,1985,2,2,0.20,,,,,,,
421,1985,1985,2,8,0.04,,,,,,,
421,1985,1985,2,9,2.01,,,,,,,
421,1985,1985,3,3,0.12,,,,,,,
421,1985,1985,3,6,0.19,,,,,,,
421,1985,1985,3,7,0.70,,,,,,,
421,1985,1985,3,11,0.30,,,,,,,
421,1985,1985,3,18,0.20,,,,,,,
421,1985,1985,3,19,0.20,,,,,,,
421,1985,1985,3,27,0.90,,,,,,,
421,1985,1985,3,28,0.50,,,,,,,
421,1985,1985,3,29,0.10,,,,,,,
421,1985,1985,4,18,0.40,,,,,,,
421,1985,1985,4,22,0.10,,,,,,,
421,1986,1985,10,22,0.70,,,,,,,
421,1986,1985,11,11,1.57,,,,,,,
421,1986,1985,11,12,0.88,,,,,,,
421,1986,1985,11,25,0.47,,,,,,,
421,1986,1985,11,26,0.12,,,,,,,
421,1986,1985,11,29,0.98,,,,,,,
421,1986,1985,11,30,0.59,,,,,,,
421,1986,1985,12,2,0.40,,,,,,,
421,1986,1985,12,3,0.08,,,,,,,
421,1986,1985,12,29,0.10,,,,,,,
421,1986,1985,12,30,0.10,,,,,,,
421,1986,1986,1,5,0.46,,,,,,,
421,1986,1986,1,6,0.04,,,,,,,
421,1986,1986,1,30,0.60,,,,,,,
421,1986,1986,1,31,0.30,,,,,,,
421,1986,1986,2,1,0.58,,,,,,,
421,1986,1986,2,3,0.12,,,,,,,
421,1986,1986,2,12,0.20,,,,,,,
421,1986,1986,2,13,1.70,,,,,,,
421,1986,1986,2,14,0.70,,,,,,,
421,1986,1986,2,15,2.00,,,,,,,
421,1986,1986,2,18,0.80,,,,,,,
421,1986,1986,2,19,0.80,,,,,,,
421,1986,1986,3,9,1.54,,,,,,,
421,1986,1986,3,10,0.59,,,,,,,
421,1986,1986,3,11,0.55,,,,,,,
421,1986,1986,3,12,0.30,,,,,,,
421,1986,1986,3,14,0.60,,,,,,,
421,1986,1986,3,16,1.80,,,,,,,
421,1986,1986,3,17,0.30,,,,,,,
421,1986,1986,4,6,0.12,,,,,,,
421,1986,1986,4,7,0.08,,,,,,,
421,1986,1986,4,8,0.10,,,,,,,
421,1987,1986,9,24,0.35,,,,,,,
421,1987,1986,9,25,1.30,,,,,,,
421,1987,1986,11,18,1.06,,,,,,,
421,1987,1986,12,6,0.70,,,,,,,
421,1987,1986,12,20,0.30,,,,,,,
421,1987,1987,1,4,1.40,,,,,,,
421,1987,1987,1,7,0.60,,,,,,,
421,1987,1987,1,23,0.10,,,,,,,
421,1987,1987,1,28,0.10,,,,,,,
421,1987,1987,1,30,0.20,,,,,,,
421,1987,1987,2,10,0.20,,,,,,,
421,1987,1987,2,13,0.40,,,,,,,
421,1987,1987,2,14,1.50,,,,,,,
421,1987,1987,2,15,0.30,,,,,,,
421,1987,1987,2,24,0.30,,,,,,,
421,1987,1987,2,25,0.40,,,,,,,
421,1987,1987,2,26,0.10,,,,,,,
421,1987,1987,3,5,0.90,,,,,,,
421,1987,1987,3,6,1.80,,,,,,,
421,1987,1987,3,9,0.80,,,,,,,
421,1987,1987,3,13,0.20,,,,,,,
421,1987,1987,3,16,0.40,,,,,,,
421,1987,1987,3,21,0.20,,,,,,,
421,1987,1987,3,22,0.40,,,,,,,
421,1987,1987,4,4,0.20,,,,,,,
421,1987,1987,4,30,0.10,,,,,,,
421,1988,1987,10,23,0.90,,,,,,,
421,1988,1987,10,28,0.50,,,,,,,
421,1988,1987,10,29,0.60,,,,,,,
421,1988,1987,11,2,0.30,,,,,,,
421,1988,1987,11,4,0.10,,,,,,,
421,1988,1987,11,5,0.70,,,,,,,
421,1988,1987,11,6,0.10,,,,,,,
421,1988,1987,11,14,0.10,,,,,,,
421,1988,1987,11,18,0.35,,,,,,,
421,1988,1987,12,5,0.67,,,,,,,
421,1988,1987,12,7,0.20,,,,,,,
421,1988,1987,12,16,0.60,,,,,,,
421,1988,1987,12,17,0.10,,,,,,,
421,1988,1987,12,28,0.20,,,,,,,
421,1988,1987,12,29,0.55,,,,,,,
421,1988,1987,12,30,0.43,,,,,,,
421,1988,1988,1,5,1.26,,,,,,,
421,1988,1988,1,6,0.04,,,,,,,
421,1988,1988,1,17,0.57,,,,,,,
421,1988,1988,1,18,1.38,,,,,,,
421,1988,1988,2,27,0.04,,,,,,,
421,1988,1988,2,28,0.67,,,,,,,
421,1988,1988,2,29,2.24,,,,,,,
421,1988,1988,3,1,0.67,,,,,,,
421,1988,1988,3,2,0.04,,,,,,,
421,1988,1988,4,14,0.04,,,,,,,
421,1988,1988,4,15,0.87,,,,,,,
421,1988,1988,4,20,1.54,,,,,,,
421,1988,1988,4,21,0.63,,,,,,,
421,1988,1988,4,22,0.08,,,,,,,
421,1988,1988,4,23,0.59,,,,,,,
421,1988,1988,4,24,0.08,,,,,,,
421,1988,1988,5,6,0.08,,,,,,,
421,1988,1988,5,8,0.04,,,,,,,
421,1988,1988,5,29,0.04,,,,,,,
421,1988,1988,6,24,0.30,,,,,,,
421,1989,1988,11,14,0.37,,,,,,,
421,1989,1988,11,24,0.51,,,,,,,
421,1989,1988,11,25,0.43,,,,,,,
421,1989,1988,11,26,0.16,,,,,,,
421,1989,1988,12,16,1.18,,,,,,,
421,1989,1988,12,17,0.28,,,,,,,
421,1989,1988,12,18,1.65,,,,,,,
421,1989,1988,12,20,0.11,,,,,,,
421,1989,1988,12,21,1.09,,,,,,,
421,1989,1988,12,26,0.60,,,,,,,
421,1989,1988,12,28,0.08,,,,,,,
421,1989,1988,12,30,0.15,,,,,,,
421,1989,1988,12,31,0.12,,,,,,,
421,1989,1989,1,6,0.16,,,,,,,
421,1989,1989,1,8,0.08,,,,,,,
421,1989,1989,1,23,0.16,,,,,,,
421,1989,1989,2,3,0.94,,,,,,,
421,1989,1989,2,4,0.16,,,,,,,
421,1989,1989,2,8,0.35,,,,,,,
421,1989,1989,2,9,0.52,,,,,,,
421,1989,1989,3,2,0.63,,,,,,,
421,1989,1989,3,3,0.36,,,,,,,
421,1989,1989,3,25,0.20,,,,,,,
421,1989,1989,3,26,0.11,,,,,,,
421,1989,1989,4,10,0.35,,,,,,,
421,1989,1989,4,26,0.24,,,,,,,
421,1990,1989,9,17,0.28,,,,,,,
421,1990,1989,9,19,0.12,,,,,,,
421,1990,1989,9,29,0.23,,,,,,,
421,1990,1989,10,22,0.08,,,,,,,
421,1990,1989,10,23,0.28,,,,,,,
421,1990,1989,10,24,0.08,,,,,,,
421,1990,1989,11,26,0.59,,,,,,,
421,1990,1990,1,2,0.51,,,,,,,
421,1990,1990,1,13,1.42,,,,,,,
421,1990,1990,1,14,0.87,,,,,,,
421,1990,1990,1,15,0.64,,,,,,,
421,1990,1990,1,16,0.08,,,,,,,
421,1990,1990,1,17,0.31,,,,,,,
421,1990,1990,1,31,0.20,,,,,,,
421,1990,1990,2,1,0.12,,,,,,,
421,1990,1990,2,4,0.39,,,,,,,
421,1990,1990,2,17,1.07,,,,,,,
421,1990,1990,2,18,0.31,,,,,,,
421,1990,1990,2,19,0.16,,,,,,,
421,1990,1990,3,5,0.08,,,,,,,
421,1990,1990,3,12,0.12,,,,,,,
421,1990,1990,3,14,0.04,,,,,,,
421,1990,1990,4,16,0.16,,,,,,,
421,1990,1990,5,24,0.21,,,,,,,
421,1990,1990,5,28,0.87,,,,,,,
421,1991,1990,9,21,0.10,,,,,,,
421,1991,1990,9,24,0.10,,,,,,,
421,1991,1990,10,17,0.10,,,,,,,
421,1991,1990,11,19,0.20,,,,,,,
421,1991,1990,11,25,0.20,,,,,,,
421,1991,1990,12,12,0.10,,,,,,,
421,1991,1990,12,15,0.20,,,,,,,
421,1991,1990,12,19,0.20,,,,,,,
421,1991,1991,1,3,0.20,,,,,,,
421,1991,1991,1,4,0.75,,,,,,,
421,1991,1991,1,5,0.20,,,,,,,
421,1991,1991,1,9,0.55,,,,,,,
421,1991,1991,1,10,0.30,,,,,,,
421,1991,1991,2,2,0.20,,,,,,,
421,1991,1991,2,27,1.30,,,,,,,
421,1991,1991,2,28,2.50,,,,,,,
421,1991,1991,3,1,1.50,,,,,,,
421,1991,1991,3,5,1.30,,,,,,,
421,1991,1991,3,6,0.10,,,,,,,
421,1991,1991,3,10,0.10,,,,,,,
421,1991,1991,3,11,0.10,,,,,,,
421,1991,1991,3,13,0.30,,,,,,,
421,1991,1991,3,14,0.10,,,,,,,
421,1991,1991,3,15,0.20,,,,,,,
421,1991,1991,3,17,2.30,,,,,,,
421,1991,1991,3,18,4.70,,,,,,,
421,1991,1991,3,19,0.40,,,,,,,
421,1991,1991,3,20,0.50,,,,,,,
421,1991,1991,3,26,0.50,,,,,,,
421,1991,1991,3,27,0.10,,,,,,,
421,1991,1991,4,21,0.20,,,,,,,
421,1991,1991,6,28,0.20,,,,,,,
421,1992,1991,10,26,1.00,,,,,,,
421,1992,1991,11,17,0.40,,,,,,,
421,1992,1991,12,7,0.10,,,,,,,
421,1992,1991,12,8,0.10,,,,,,,
421,1992,1991,12,27,1.30,,,,,,,
421,1992,1991,12,28,1.20,,,,,,,
421,1992,1991,12,29,2.90,,,,,,,
421,1992,1991,12,30,0.20,,,,,,,
421,1992,1992,1,3,0.60,,,,,,,
421,1992,1992,1,4,0.10,,,,,,,
421,1992,1992,1,5,2.50,,,,,,,
421,1992,1992,1,6,0.10,,,,,,,
421,1992,1992,1,7,0.40,,,,,,,
421,1992,1992,2,6,0.40,,,,,,,
421,1992,1992,2,7,0.20,,,,,,,
421,1992,1992,2,10,2.00,,,,,,,
421,1992,1992,2,11,2.80,,,,,,,
421,1992,1992,2,12,2.50,,,,,,,
421,1992,1992,2,13,1.30,,,,,,,
421,1992,1992,2,14,0.10,,,,,,,
421,1992,1992,2,15,1.80,,,,,,,
421,1992,1992,2,16,0.30,,,,,,,
421,1992,1992,2,17,0.10,,,,,,,
421,1992,1992,2,20,0.10,,,,,,,
421,1992,1992,3,2,0.30,,,,,,,
421,1992,1992,3,3,0.40,,,,,,,
421,1992,1992,3,4,0.10,,,,,,,
421,1992,1992,3,6,1.50,,,,,,,
421,1992,1992,3,7,0.20,,,,,,,
421,1992,1992,3,15,0.10,,,,,,,
421,1992,1992,3,20,0.20,,,,,,,
421,1992,1992,3,21,0.10,,,,,,,
421,1992,1992,3,22,0.40,,,,,,,
421,1992,1992,3,23,0.80,,,,,,,
421,1992,1992,3,26,0.10,,,,,,,
421,1992,1992,3,27,0.60,,,,,,,
421,1992,1992,3,30,0.10,,,,,,,
421,1992,1992,3,31,0.30,,,,,,,
421,1992,1992,5,3,0.10,,,,,,,
421,1992,1992,5,8,0.10,,,,,,,
421,1992,1992,7,8,0.30,,,,,,,
421,1992,1992,7,9,0.40,,,,,,,
421,1993,1992,10,22,0.10,,,,,,,
421,1993,1992,10,24,0.10,,,,,,,
421,1993,1992,10,29,0.20,,,,,,,
421,1993,1992,10,30,2.00,,,,,,,
421,1993,1992,12,2,0.10,,,,,,,
421,1993,1992,12,3,0.30,,,,,,,
421,1993,1992,12,5,1.90,,,,,,,
421,1993,1992,12,6,0.80,,,,,,,
421,1993,1992,12,7,0.10,,,,,,,
421,1993,1992,12,9,0.40,,,,,,,
421,1993,1992,12,10,0.10,,,,,,,
421,1993,1992,12,11,0.10,,,,,,,
421,1993,1992,12,15,0.30,,,,,,,
421,1993,1992,12,26,0.90,,,,,,,
421,1993,1992,12,27,1.60,,,,,,,
421,1993,1992,12,28,0.10,,,,,,,
421,1993,1992,12,30,1.00,,,,,,,
421,1993,1993,1,6,1.50,,,,,,,
421,1993,1993,1,7,1.10,,,,,,,
421,1993,1993,1,8,0.40,,,,,,,
421,1993,1993,1,9,0.10,,,,,,,
421,1993,1993,1,10,0.30,,,,,,,
421,1993,1993,1,12,0.50,,,,,,,
421,1993,1993,1,13,3.50,,,,,,,
421,1993,1993,1,14,0.10,,,,,,,
421,1993,1993,1,15,0.30,,,,,,,
421,1993,1993,1,16,0.20,,,,,,,
421,1993,1993,1,17,2.10,,,,,,,
421,1993,1993,1,18,0.40,,,,,,,
421,1993,1993,1,20,0.10,,,,,,,
421,1993,1993,2,6,0.10,,,,,,,
421,1993,1993,2,7,2.40,,,,,,,
421,1993,1993,2,10,0.10,,,,,,,
421,1993,1993,2,17,0.10,,,,,,,
421,1993,1993,2,18,1.10,,,,,,,
421,1993,1993,2,19,2.10,,,,,,,
421,1993,1993,2,20,0.90,,,,,,,
421,1993,1993,2,21,0.10,,,,,,,
421,1993,1993,2,22,0.60,,,,,,,
421,1993,1993,2,23,0.50,,,,,,,
421,1993,1993,2,24,0.10,,,,,,,
421,1993,1993,2,25,0.20,,,,,,,
421,1993,1993,2,26,0.70,,,,,,,
421,1993,1993,2,27,0.30,,,,,,,
421,1993,1993,3,25,1.80,,,,,,,
421,1993,1993,3,26,3.40,,,,,,,
421,1993,1993,3,29,1.70,,,,,,,
421,1993,1993,4,18,0.10,,,,,,,
421,1993,1993,6,4,0.70,,,,,,,
421,1994,1993,10,11,0.16,,,,,,,
421,1994,1993,11,11,0.80,,,,,,,
421,1994,1993,11,12,0.08,,,,,,,
421,1994,1993,11,22,0.04,,,,,,,
421,1994,1993,11,30,0.80,,,,,,,
421,1994,1993,12,12,1.40,,,,,,,
421,1994,1993,12,15,0.70,,,,,,,
421,1994,1994,1,24,0.70,,,,,,,
421,1994,1994,1,25,1.10,,,,,,,
421,1994,1994,1,26,0.10,,,,,,,
421,1994,1994,2,4,0.90,,,,,,,
421,1994,1994,2,7,0.60,,,,,,,
421,1994,1994,2,8,1.00,,,,,,,
421,1994,1994,2,17,1.20,,,,,,,
421,1994,1994,2,18,0.20,,,,,,,
421,1994,1994,2,19,0.10,,,,,,,
421,1994,1994,2,20,1.70,,,,,,,
421,1994,1994,3,6,1.40,,,,,,,
421,1994,1994,3,19,0.40,,,,,,,
421,1994,1994,3,25,1.10,,,,,,,
421,1994,1994,4,9,0.20,,,,,,,
421,1994,1994,4,24,0.20,,,,,,,
421,1994,1994,4,26,0.80,,,,,,,
421,1994,1994,4,28,0.10,,,,,,,
421,1994,1994,5,7,0.20,,,,,,,
421,1994,1994,5,8,0.50,,,,,,,
421,1994,1994,5,17,0.10,,,,,,,
421,1994,1994,5,18,1.30,,,,,,,
421,1994,1994,5,19,0.30,,,,,,,
421,1995,1994,10,4,0.10,,,,,,,
421,1995,1994,10,5,0.60,,,,,,,
421,1995,1994,11,8,0.30,,,,,,,
421,1995,1994,11,10,1.00,,,,,,,
421,1995,1994,11,16,0.20,,,,,,,
421,1995,1994,11,18,0.10,,,,,,,
421,1995,1994,11,26,0.40,,,,,,,
421,1995,1994,12,13,0.50,,,,,,,
421,1995,1994,12,15,0.10,,,,,,,
421,1995,1994,12,25,0.90,,,,,,,
421,1995,1994,12,29,0.10,,,,,,,
421,1995,1995,1,3,0.70,,,,,,,
421,1995,1995,1,4,0.40,,,,,,,
421,1995,1995,1,5,2.80,,,,,,,
421,1995,1995,1,6,0.10,,,,,,,
421,1995,1995,1,7,0.90,,,,,,,
421,1995,1995,1,9,1.00,,,,,,,
421,1995,1995,1,10,3.90,,,,,,,
421,1995,1995,1,11,1.50,,,,,,,
421,1995,1995,1,12,0.50,,,,,,,
421,1995,1995,1,14,0.20,,,,,,,
421,1995,1995,1,15,0.70,,,,,,,
421,1995,1995,1,16,0.30,,,,,,,
421,1995,1995,1,17,0.10,,,,,,,
421,1995,1995,1,21,0.70,,,,,,,
421,1995,1995,1,23,0.30,,,,,,,
421,1995,1995,1,24,2.30,,,,,,,
421,1995,1995,1,25,3.10,,,,,,,
421,1995,1995,1,26,0.50,,,,,,,
421,1995,1995,2,8,0.40,,,,,,,
421,1995,1995,2,9,0.80,,,,,,,
421,1995,1995,2,14,1.90,,,,,,,
421,1995,1995,2,27,0.10,,,,,,,
421,1995,1995,3,1,0.20,,,,,,,
421,1995,1995,3,2,0.10,,,,,,,
421,1995,1995,3,3,0.30,,,,,,,
421,1995,1995,3,4,0.40,,,,,,,
421,1995,1995,3,5,1.10,,,,,,,
421,1995,1995,3,6,2.00,,,,,,,
421,1995,1995,3,10,0.10,,,,,,,
421,1995,1995,3,11,3.60,,,,,,,
421,1995,1995,3,12,0.90,,,,,,,
421,1995,1995,3,21,1.30,,,,,,,
421,1995,1995,3,22,0.20,,,,,,,
421,1995,1995,3,23,2.00,,,,,,,
421,1995,1995,4,14,0.10,,,,,,,
421,1995,1995,4,16,0.20,,,,,,,
421,1995,1995,4,17,0.10,,,,,,,
421,1995,1995,4,18,0.10,,,,,,,
421,1995,1995,4,19,0.10,,,,,,,
421,1995,1995,5,7,0.20,,,,,,,
421,1995,1995,5,15,0.60,,,,,,,
421,1995,1995,5,16,1.00,,,,,,,
421,1995,1995,6,16,0.70,,,,,,,
421,1995,1995,6,17,0.10,,,,,,,
421,1996,1995,11,1,0.20,,,,,,,
421,1996,1995,12,12,0.10,,,,,,,
421,1996,1995,12,13,0.90,,,,,,,
421,1996,1995,12,14,0.20,,,,,,,
421,1996,1995,12,23,0.50,,,,,,,
421,1996,1995,12,24,0.10,,,,,,,
421,1996,1996,1,17,1.40,,,,,,,
421,1996,1996,1,19,0.50,,,,,,,
421,1996,1996,1,22,0.40,,,,,,,
421,1996,1996,1,25,0.80,,,,,,,
421,1996,1996,1,28,0.50,,,,,,,
421,1996,1996,1,31,0.30,,,,,,,
421,1996,1996,2,1,1.70,,,,,,,
421,1996,1996,2,3,0.70,,,,,,,
421,1996,1996,2,4,0.20,,,,,,,
421,1996,1996,2,5,0.50,,,,,,,
421,1996,1996,2,6,0.90,,,,,,,
421,1996,1996,2,16,0.30,,,,,,,
421,1996,1996,2,19,0.10,,,,,,,
421,1996,1996,2,20,4.70,,,,,,,
421,1996,1996,2,21,1.40,,,,,,,
421,1996,1996,2,22,0.70,,,,,,,
421,1996,1996,2,26,0.30,,,,,,,
421,1996,1996,2,28,0.30,,,,,,,
421,1996,1996,2,29,0.10,,,,,,,
421,1996,1996,3,4,0.20,,,,,,,
421,1996,1996,3,5,0.70,,,,,,,
421,1996,1996,3,6,0.10,,,,,,,
421,1996,1996,3,13,1.70,,,,,,,
421,1996,1996,3,14,0.20,,,,,,,
421,1996,1996,3,28,0.10,,,,,,,
421,1996,1996,3,29,0.10,,,,,,,
421,1996,1996,4,2,0.60,,,,,,,
421,1996,1996,4,16,0.20,,,,,,,
421,1996,1996,4,17,0.40,,,,,,,
421,1996,1996,4,18,0.50,,,,,,,
421,1996,1996,5,16,0.60,,,,,,,
421,1996,1996,5,17,0.20,,,,,,,
421,1996,1996,6,26,0.10,,,,,,,
421,1997,1996,10,30,2.36,P73,,,,,,
421,1997,1996,10,31,0.04,P73,,,,,,
421,1997,1996,11,17,0.16,P73,,,,,,
421,1997,1996,11,18,0.28,P73,,,,,,
421,1997,1996,11,20,0.20,P73,,,,,,
421,1997,1996,11,21,1.10,P73,,,,,,
421,1997,1996,11,22,1.42,P73,,,,,,
421,1997,1996,11,23,0.35,P73,,,,,,
421,1997,1996,12,6,0.04,P73,,,,,,
421,1997,1996,12,10,1.34,P73,,,,,,
421,1997,1996,12,11,1.89,P73,,,,,,
421,1997,1996,12,12,0.71,P73,,,,,,
421,1997,1996,12,13,0.16,P73,,,,,,
421,1997,1996,12,22,1.61,P73,,,,,,
421,1997,1996,12,23,0.04,P73,,,,,,
421,1997,1996,12,27,0.20,P73,,,,,,
421,1997,1996,12,28,0.12,P73,,,,,,
421,1997,1996,12,30,0.04,P73,,,,,,
421,1997,1996,12,31,0.16,P73,,,,,,
421,1997,1997,1,2,1.18,P73,,,,,,
421,1997,1997,1,3,0.71,P73,,,,,,
421,1997,1997,1,5,0.08,P73,,,,,,
421,1997,1997,1,13,1.02,P73,,,,,,
421,1997,1997,1,14,0.08,P73,,,,,,
421,1997,1997,1,15,0.83,P73,,,,,,
421,1997,1997,1,16,0.35,P73,,,,,,
421,1997,1997,1,20,0.75,P73,,,,,,
421,1997,1997,1,21,0.04,P73,,,,,,
421,1997,1997,1,22,0.31,P73,,,,,,
421,1997,1997,1,23,0.55,P73,,,,,,
421,1997,1997,1,24,0.04,P73,,,,,,
421,1997,1997,1,26,0.39,P73,,,,,,
421,1997,1997,1,27,0.43,P73,,,,,,
421,1997,1997,2,11,0.28,P73,,,,,,
421,1997,1997,2,18,0.16,P73,,,,,,
421,1997,1997,2,28,0.04,P73,,,,,,
421,1997,1997,7,23,0.04,P73,,,,,,
421,1998,1997,11,11,1.38,P73,,,,,,
421,1998,1997,11,12,0.16,P73,,,,,,
421,1998,1997,11,13,0.04,P73,,,,,,
421,1998,1997,11,14,0.39,P73,,,,,,
421,1998,1997,11,16,0.31,P73,,,,,,
421,1998,1997,11,20,0.08,P73,,,,,,
421,1998,1997,11,21,0.35,P73,,,,,,
421,1998,1997,11,26,0.83,P73,,,,,,
421,1998,1997,11,27,0.67,P73,,,,,,
421,1998,1997,11,30,0.79,P73,,,,,,
421,1998,1997,12,1,0.28,P73,,,,,,
421,1998,1997,12,5,0.63,P73,,,,,,
421,1998,1997,12,6,3.58,P73,,,,,,
421,1998,1997,12,15,0.04,P73,,,,,,
421,1998,1997,12,19,0.63,P73,,,,,,
421,1998,1998,1,3,0.28,P73,,,,,,
421,1998,1998,1,4,0.12,P73,,,,,,
421,1998,1998,1,5,0.59,P73,,,,,,
421,1998,1998,1,10,1.77,P73,,,,,,
421,1998,1998,1,11,0.04,P73,,,,,,
421,1998,1998,1,12,0.04,P73,,,,,,
421,1998,1998,1,13,0.31,P73,,,,,,
421,1998,1998,1,15,0.20,P73,,,,,,
421,1998,1998,1,16,0.71,P73,,,,,,
421,1998,1998,1,19,0.75,P73,,,,,,
421,1998,1998,1,20,0.04,P73,,,,,,
421,1998,1998,1,29,0.94,P73,,,,,,
421,1998,1998,1,30,0.08,P73,,,,,,
421,1998,1998,1,31,0.08,P73,,,,,,
421,1998,1998,2,1,0.28,P73,,,,,,
421,1998,1998,2,2,2.52,P73,,,,,,
421,1998,1998,2,3,3.39,P73,,,,,,
421,1998,1998,2,4,1.89,P73,,,,,,
421,1998,1998,2,6,0.71,P73,,,,,,
421,1998,1998,2,7,0.79,P73,,,,,,
421,1998,1998,2,8,1.34,P73,,,,,,
421,1998,1998,2,9,0.47,P73,,,,,,
421,1998,1998,2,11,0.04,P73,,,,,,
421,1998,1998,2,13,0.08,P73,,,,,,
421,1998,1998,2,14,0.47,P73,,,,,,
421,1998,1998,2,15,0.87,P73,,,,,,
421,1998,1998,2,17,0.75,P73,,,,,,
421,1998,1998,2,18,0.04,P73,,,,,,
421,1998,1998,2,20,0.47,P73,,,,,,
421,1998,1998,2,21,0.04,P73,,,,,,
421,1998,1998,2,22,1.02,P73,,,,,,
421,1998,1998,2,23,1.38,P73,,,,,,
421,1998,1998,2,24,0.75,P73,,,,,,
421,1998,1998,3,6,0.67,P73,,,,,,
421,1998,1998,3,14,0.63,P73,,,,,,
421,1998,1998,3,25,3.39,P73,,,,,,
421,1998,1998,3,26,0.12,P73,,,,,,
421,1998,1998,3,28,0.35,P73,,,,,,
421,1998,1998,3,29,0.39,P73,,,,,,
421,1998,1998,4,1,0.87,P73,,,,,,
421,1998,1998,4,2,0.71,P73,,,,,,
421,1998,1998,4,4,0.71,P73,,,,,,
421,1998,1998,4,7,0.04,P73,,,,,,
421,1998,1998,4,11,0.04,P73,,,,,,
421,1998,1998,4,12,0.75,P73,,,,,,
421,1998,1998,4,14,0.04,P73,,,,,,
421,1998,1998,4,16,0.04,P73,,,,,,
421,1998,1998,5,2,0.20,P73,,,,,,
421,1998,1998,5,3,0.55,P73,,,,,,
421,1998,1998,5,4,0.04,P73,,,,,,
421,1998,1998,5,5,0.35,P73,,,,,,
421,1998,1998,5,6,0.43,P73,,,,,,
421,1998,1998,5,7,0.04,P73,,,,,,
421,1998,1998,5,8,0.31,P73,,,,,,
421,1998,1998,5,12,0.28,P73,,,,,,
421,1998,1998,5,13,1.18,P73,,,,,,
421,1998,1998,5,16,0.04,P73,,,,,,
421,1998,1998,5,29,0.28,P73,,,,,,
421,1999,1998,9,3,0.08,P73,,,,,,
421,1999,1998,9,4,0.24,P73,,,,,,
421,1999,1998,9,5,0.59,P73,,,,,,
421,1999,1998,9,6,0.04,P73,,,,,,
421,1999,1998,10,25,0.16,P73,,,,,,
421,1999,1998,11,8,0.47,P73,,,,,,
421,1999,1998,11,11,0.16,P73,,,,,,
421,1999,1998,11,12,0.08,P73,,,,,,
421,1999,1998,11,24,0.04,P73,,,,,,
421,1999,1998,11,28,0.51,P73,,,,,,
421,1999,1998,11,29,0.08,P73,,,,,,
421,1999,1998,11,30,0.04,P73,,,,,,
421,1999,1998,12,1,0.63,P73,,,,,,
421,1999,1998,12,2,0.28,P73,,,,,,
421,1999,1998,12,4,0.20,P73,,,,,,
421,1999,1998,12,6,0.24,P73,,,,,,
421,1999,1998,12,21,0.04,P73,,,,,,
421,1999,1999,1,20,0.87,P73,,,,,,
421,1999,1999,1,21,0.28,P73,,,,,,
421,1999,1999,1,24,0.43,P73,,,,,,
421,1999,1999,1,25,0.20,P73,,,,,,
421,1999,1999,1,27,0.35,P73,,,,,,
421,1999,1999,1,28,0.20,P73,,,,,,
421,1999,1999,1,31,0.94,P73,,,,,,
421,1999,1999,2,1,0.12,P73,,,,,,
421,1999,1999,2,6,0.12,P73,,,,,,
421,1999,1999,2,7,0.08,P73,,,,,,
421,1999,1999,2,8,0.20,P73,,,,,,
421,1999,1999,2,9,0.55,P73,,,,,,
421,1999,1999,2,10,1.14,P73,,,,,,
421,1999,1999,2,21,0.04,P73,,,,,,
421,1999,1999,2,26,0.04,P73,,,,,,
421,1999,1999,3,9,0.12,P73,,,,,,
421,1999,1999,3,10,0.04,P73,,,,,,
421,1999,1999,3,11,0.20,P73,,,,,,
421,1999,1999,3,15,0.71,P73,,,,,,
421,1999,1999,3,16,1.22,P73,,,,,,
421,1999,1999,3,18,0.04,P73,,,,,,
421,1999,1999,3,20,1.38,P73,,,,,,
421,1999,1999,3,21,0.24,P73,,,,,,
421,1999,1999,3,25,0.31,P73,,,,,,
421,1999,1999,3,26,1.02,P73,,,,,,
421,1999,1999,3,31,0.04,P73,,,,,,
421,1999,1999,4,6,0.47,P73,,,,,,
421,1999,1999,4,7,0.32,P73,,,,,,
421,1999,1999,4,9,0.28,P73,,,,,,
421,1999,1999,4,10,0.04,P73,,,,,,
421,1999,1999,4,11,0.08,P73,,,,,,
421,1999,1999,4,12,1.14,P73,,,,,,
421,1999,1999,4,30,0.00,,,,,,,
421,1999,1999,6,3,0.08,E73,,,,,,
421,1999,1999,7,13,0.47,E73,,,,,,
421,1999,1999,8,27,0.12,E73,,,,,,
421,2000,1999,9,22,0.00,,,,,,,
421,2000,1999,11,8,1.18,E73,,,,,,
421,2000,1999,11,17,0.28,E73,,,,,,
421,2000,1999,11,20,0.20,E73,,,,,,
421,2000,2000,1,17,0.00,,,,,,,
421,2000,2000,1,18,0.28,,,,,,,
421,2000,2000,1,19,0.12,E73,,,,,,
421,2000,2000,1,24,0.51,E73,,,,,,
421,2000,2000,1,25,0.98,E73,,,,,,
421,2000,2000,1,26,0.04,E73,,,,,,
421,2000,2000,1,31,0.16,E73,,,,,,
421,2000,2000,2,4,0.20,E73,,,,,,
421,2000,2000,2,10,0.16,E73,,,,,,
421,2000,2000,2,11,0.87,E73,,,,,,
421,2000,2000,2,12,1.02,E73,,,,,,
421,2000,2000,2,13,0.16,E73,,,,,,
421,2000,2000,2,14,0.67,E73,,,,,,
421,2000,2000,2,15,0.35,E73,,,,,,
421,2000,2000,2,16,0.12,E73,,,,,,
421,2000,2000,2,17,0.28,E73,,,,,,
421,2000,2000,2,20,0.28,E73,,,,,,
421,2000,2000,2,21,1.85,E73,,,,,,
421,2000,2000,2,22,0.87,E73,,,,,,
421,2000,2000,2,23,0.87,E73,,,,,,
421,2000,2000,2,24,0.35,E73,,,,,,
421,2000,2000,2,25,0.08,E73,,,,,,
421,2000,2000,2,27,0.51,,,,,,,
421,2000,2000,2,28,0.31,,,,,,,
421,2000,2000,3,4,0.12,,,,,,,
421,2000,2000,3,5,0.47,,,,,,,
421,2000,2000,3,6,0.31,,,,,,,
421,2000,2000,3,7,0.12,,,,,,,
421,2000,2000,3,8,0.51,,,,,,,
421,2000,2000,3,9,0.04,,,,,,,
421,2000,2000,4,15,0.51,E73,,,,,,
421,2000,2000,4,17,0.83,E73,,,,,,
421,2000,2000,4,18,1.97,E73,,,,,,
421,2000,2000,6,8,0.00,,,,,,,
421,2000,2000,6,9,0.04,,,,,,,
421,2001,2000,10,11,0.94,,,,,,,
421,2001,2000,10,12,0.08,,,,,,,
421,2001,2000,10,27,1.69,E73,,,,,,
421,2001,2000,10,29,0.24,E73,,,,,,
421,2001,2000,10,30,0.43,E73,,,,,,
421,2001,2000,12,7,0.08,E73,,,,,,
421,2001,2000,12,14,0.00,,,,,,,
421,2001,2001,1,8,0.43,E73,,,,,,
421,2001,2001,1,9,0.16,E73,,,,,,
421,2001,2001,1,11,2.13,E73,,,,,,
421,2001,2001,1,12,1.30,E73,,,,,,
421,2001,2001,1,13,0.24,E73,,,,,,
421,2001,2001,1,24,0.98,E73,,,,,,
421,2001,2001,1,25,0.31,E73,,,,,,
421,2001,2001,1,26,0.55,E73,,,,,,
421,2001,2001,1,27,0.20,E73,,,,,,
421,2001,2001,2,10,0.39,,,,,,,
421,2001,2001,2,11,0.71,,,,,,,
421,2001,2001,2,12,1.18,,,,,,,
421,2001,2001,2,13,0.39,,,,,,,
421,2001,2001,2,14,0.12,E73,,,,,,
421,2001,2001,2,19,0.22,P233,,,,,,
421,2001,2001,2,20,0.22,P233,,,,,,
421,2001,2001,2,21,0.04,E73,,,,,,
421,2001,2001,2,23,0.28,S73,,,,,,
421,2001,2001,2,24,0.16,S73,,,,,,
421,2001,2001,2,25,0.35,S73,,,,,,
421,2001,2001,2,26,0.00,S73,,,,,,
421,2001,2001,2,27,0.12,S73,,,,,,
421,2001,2001,3,1,0.00,,,,,,,
421,2001,2001,3,5,3.39,E73,,,,,,
421,2001,2001,3,6,1.61,E73,,,,,,
421,2001,2001,3,7,0.12,E73,,,,,,
421,2001,2001,4,5,0.24,E73,,,,,,
421,2001,2001,4,7,1.46,E73,,,,,,
421,2001,2001,4,8,0.16,E73,,,,,,
421,2001,2001,4,10,0.00,,,,,,,
421,2001,2001,4,21,0.63,73,,,,,,
421,2002,2001,9,1,0.00,,,,,,,
421,2002,2001,10,30,0.24,E73,,,,,,
421,2002,2001,10,31,0.87,E73,,,,,,
421,2002,2001,11,11,0.16,E73,,,,,,
421,2002,2001,11,13,1.22,E73,,,,,,
421,2002,2001,11,24,0.04,E73,,,,,,
421,2002,2001,11,25,1.46,E73,,,,,,
421,2002,2001,11,29,0.31,E73,,,,,,
421,2002,2001,11,30,0.20,E73,,,,,,
421,2002,2001,12,3,0.39,E73,,,,,,
421,2002,2001,12,14,0.12,E73,,,,,,
421,2002,2001,12,20,0.08,E76,,,,,,
421,2002,2001,12,21,0.39,P,,,,,,
421,2002,2001,12,29,0.44,E2595,,,,,,
421,2002,2001,12,30,0.08,P2595,,,,,,
421,2002,2001,12,31,0.39,P2595,,,,,,
421,2002,2002,1,3,0.16,E73,,,,,,
421,2002,2002,1,27,0.12,E73,,,,,,
421,2002,2002,1,28,0.55,E73,,,,,,
421,2002,2002,2,17,0.20,E73,,,,,,
421,2002,2002,2,18,0.08,E73,,,,,,
421,2002,2002,3,7,0.51,E73,,,,,,
421,2002,2002,3,8,0.31,E73,,,,,,
421,2002,2002,3,18,0.35,S73,,,,,,
421,2002,2002,3,23,0.16,E73,,,,,,
421,2002,2002,3,24,0.24,E73,,,,,,
421,2002,2002,4,26,0.04,E73,,,,,,
421,2002,2002,4,27,0.12,E73,,,,,,
421,2002,2002,5,20,0.04,E73,,,,,,
421,2002,2002,5,21,0.28,E73,,,,,,
421,2003,2002,9,29,0.00,E73,,,,,,
421,2003,2002,11,7,0.12,E73,,,,,,
421,2003,2002,11,8,2.05,E73,,,,,,
421,2003,2002,11,9,2.80,E73,,,,,,
421,2003,2002,11,10,0.35,E73,,,,,,
421,2003,2002,12,1,0.75,E73,,,,,,
421,2003,2002,12,7,0.00,E73,,,,,,
421,2003,2002,12,15,0.04,E73,,,,,,
421,2003,2002,12,17,1.73,E73,,,,,,
421,2003,2002,12,18,0.16,E73,,,,,,
421,2003,2002,12,20,1.54,E73,,,,,,
421,2003,2002,12,21,0.08,E73,,,,,,
421,2003,2002,12,22,0.67,E73,,,,,,
421,2003,2002,12,29,0.75,E73,,,,,,
421,2003,2002,12,31,0.08,E73,,,,,,
421,2003,2003,1,1,0.08,E73,,,,,,
421,2003,2003,2,11,0.51,E73,,,,,,
421,2003,2003,2,12,0.31,E73,,,,,,
421,2003,2003,2,13,0.94,E73,,,,,,
421,2003,2003,2,14,0.24,E73,,,,,,
421,2003,2003,2,16,0.04,E73,,,,,,
421,2003,2003,2,20,0.04,E73,,,,,,
421,2003,2003,2,25,0.63,E73,,,,,,
421,2003,2003,2,27,0.35,E73,,,,,,
421,2003,2003,3,4,0.04,E73,,,,,,
421,2003,2003,3,5,0.08,E73,,,,,,
421,2003,2003,3,15,1.42,E73,,,,,,
421,2003,2003,3,16,0.35,E73,,,,,,
421,2003,2003,4,5,0.12,E73,,,,,,
421,2003,2003,4,13,0.16,E73,,,,,,
421,2003,2003,4,14,1.10,E73,,,,,,
421,2003,2003,4,15,0.24,E73,,,,,,
421,2003,2003,4,25,0.08,E73,,,,,,
421,2003,2003,4,28,0.12,E73,,,,,,
421,2003,2003,4,29,0.00,E73,,,,,,
421,2003,2003,5,3,1.06,E73,,,,,,
421,2003,2003,5,4,0.98,E73,,,,,,
421,2003,2003,6,10,0.00,E73,,,,,,
421,2004,2003,11,1,0.79,E73,,,,,,
421,2004,2003,11,3,0.08,E73,,,,,,
421,2004,2003,11,4,0.08,E73,,,,,,
421,2004,2003,11,9,0.91,E73,,,,,,
421,2004,2003,11,13,0.55,E73,,,,,,
421,2004,2003,12,7,0.04,E73,,,,,,
421,2004,2003,12,8,0.08,E73,,,,,,
421,2004,2003,12,11,0.08,E73,,,,,,
421,2004,2003,12,15,0.24,E73,,,,,,
421,2004,2003,12,21,0.16,E73,,,,,,
421,2004,2003,12,23,0.04,E73,,,,,,
421,2004,2003,12,24,0.12,E73,,,,,,
421,2004,2003,12,25,0.24,E73,,,,,,
421,2004,2003,12,26,0.98,E73,,,,,,
421,2004,2004,1,2,0.35,E73,,,,,,
421,2004,2004,1,3,0.20,E73,,,,,,
421,2004,2004,1,25,0.04,E73,,,,,,
421,2004,2004,1,28,0.16,E73,,,,,,
421,2004,2004,2,3,0.55,E73,,,,,,
421,2004,2004,2,18,0.28,E73,,,,,,
421,2004,2004,2,19,0.79,E73,,,,,,
421,2004,2004,2,21,0.35,E73,,,,,,
421,2004,2004,2,22,0.24,E73,,,,,,
421,2004,2004,2,23,0.83,E73,,,,,,
421,2004,2004,2,26,1.85,E73,,,,,,
421,2004,2004,2,27,0.04,E73,,,,,,
421,2004,2004,2,28,0.04,E73,,,,,,
421,2004,2004,3,2,0.43,E73,,,,,,
421,2004,2004,3,26,0.12,E73,,,,,,
421,2005,2004,10,17,1.26,E73,,,,,,
421,2005,2004,10,18,0.51,E73,,,,,,
421,2005,2004,10,19,0.20,E73,,,,,,
421,2005,2004,10,20,2.48,E73,,,,,,
421,2005,2004,10,21,0.51,E73,,,,,,
421,2005,2004,10,27,1.38,E73,,,,,,
421,2005,2004,10,28,0.04,E73,,,,,,
421,2005,2004,11,4,0.00,E73,,,,,,
421,2005,2004,11,5,0.08,E73,,,,,,
421,2005,2004,11,8,0.59,E73,,,,,,
421,2005,2004,11,28,0.12,E73,,,,,,
421,2005,2004,12,5,0.04,E73,,,,,,
421,2005,2004,12,6,0.00,E73,,,,,,
421,2005,2004,12,7,0.04,E73,,,,,,
421,2005,2004,12,8,0.12,E73,,,,,,
421,2005,2004,12,27,0.00,E73,,,,,,
421,2005,2004,12,28,3.74,E73,,,,,,
421,2005,2004,12,29,0.79,E73,,,,,,
421,2005,2004,12,30,0.20,E73,,,,,,
421,2005,2004,12,31,1.85,E73,,,,,,
421,2005,2005,1,1,0.04,E73,,,,,,
421,2005,2005,1,2,0.04,E73,,,,,,
421,2005,2005,1,3,2.01,E73,,,,,,
421,2005,2005,1,4,0.16,E73,,,,,,
421,2005,2005,1,7,0.24,E73,,,,,,
421,2005,2005,1,8,0.94,E73,,,,,,
421,2005,2005,1,9,2.95,E73,,,,,,
421,2005,2005,1,10,2.44,E73,,,,,,
421,2005,2005,1,11,0.75,E73,,,,,,
421,2005,2005,1,12,0.16,E73,,,,,,
421,2005,2005,1,27,0.04,E73,,,,,,
421,2005,2005,1,28,0.08,E73,,,,,,
421,2005,2005,1,29,0.20,E73,,,,,,
421,2005,2005,2,11,0.28,E73,,,,,,
421,2005,2005,2,12,0.35,E73,,,,,,
421,2005,2005,2,16,0.08,E73,,,,,,
421,2005,2005,2,18,0.51,E73,,,,,,
421,2005,2005,2,19,0.98,E73,,,,,,
421,2005,2005,2,20,0.63,E73,,,,,,
421,2005,2005,2,21,1.97,E73,,,,,,
421,2005,2005,2,22,0.59,E73,,,,,,
421,2005,2005,2,23,0.63,E73,,,,,,
421,2005,2005,2,28,0.20,E73,,,,,,
421,2005,2005,3,1,0.04,E73,,,,,,
421,2005,2005,3,4,0.08,E73,,,,,,
421,2005,2005,3,5,0.63,E73,,,,,,
421,2005,2005,3,19,0.35,E73,,,,,,
421,2005,2005,3,20,0.24,E73,,,,,,
421,2005,2005,3,22,0.08,E73,,,,,,
421,2005,2005,3,23,1.46,E73,,,,,,
421,2005,2005,3,25,0.04,E73,,,,,,
421,2005,2005,3,28,0.28,E73,,,,,,
421,2005,2005,4,4,0.04,E73,,,,,,
421,2005,2005,4,9,0.08,E73,,,,,,
421,2005,2005,4,28,0.55,E73,,,,,,
421,2005,2005,5,6,1.85,E73,,,,,,
421,2005,2005,5,9,0.28,E73,,,,,,
421,2006,2005,9,26,0.00,,,,,,,
421,2006,2005,9,27,0.00,,,,,,,
421,2006,2005,10,17,0.00,,,,,,,
421,2006,2005,10,18,0.47,,,,,,,
421,2006,2005,11,9,0.98,E73,,,,,,
421,2006,2005,11,10,0.83,E73,,,,,,
421,2006,2005,12,2,0.43,E73,,,,,,
421,2006,2005,12,3,0.20,E73,,,,,,
421,2006,2005,12,19,0.00,,,,,,,
421,2006,2005,12,26,0.31,E73,,,,,,
421,2006,2005,12,31,0.12,E73,,,,,,
421,2006,2006,1,1,1.14,E73,,,,,,
421,2006,2006,1,2,2.13,E73,,,,,,
421,2006,2006,1,3,0.63,E73,,,,,,
421,2006,2006,1,14,0.31,E73,,,,,,
421,2006,2006,1,15,0.04,E73,,,,,,
421,2006,2006,2,7,0.00,,,,,,,
421,2006,2006,2,18,0.24,,,,,,,
421,2006,2006,2,19,0.04,,,,,,,
421,2006,2006,2,20,0.20,,,,,,,
421,2006,2006,2,28,1.57,,,,,,,
421,2006,2006,3,3,1.02,E73,,,,,,
421,2006,2006,3,4,0.04,E73,,,,,,
421,2006,2006,3,6,0.04,E73,,,,,,
421,2006,2006,3,7,0.59,E73,,,,,,
421,2006,2006,3,11,0.16,,,,,,,
421,2006,2006,3,12,0.31,,,,,,,
421,2006,2006,3,13,0.35,,,,,,,
421,2006,2006,3,15,0.16,,,,,,,
421,2006,2006,3,17,0.08,,,,,,,
421,2006,2006,3,18,0.43,E73,,,,,,
421,2006,2006,3,21,0.31,E73,,,,,,
421,2006,2006,3,26,0.31,E73,,,,,,
421,2006,2006,3,28,0.47,E73,,,,,,
421,2006,2006,3,29,0.83,E73,,,,,,
421,2006,2006,3,30,0.04,E73,,,,,,
421,2006,2006,3,31,0.04,,,,,,,
421,2006,2006,4,1,0.28,,,,,,,
421,2006,2006,4,3,0.35,E73,,,,,,
421,2006,2006,4,4,2.09,E73,,,,,,
421,2006,2006,4,5,1.65,E73,,,,,,
421,2006,2006,4,6,0.51,E73,,,,,,
421,2006,2006,4,11,0.12,E73,,,,,,
421,2006,2006,4,14,0.08,E73,,,,,,
421,2006,2006,4,15,1.38,E73,,,,,,
421,2006,2006,4,17,0.08,E73,,,,,,
421,2006,2006,4,23,0.24,,,,,,,
421,2006,2006,4,26,0.28,E73,,,,,,
421,2006,2006,4,27,0.16,E73,,,,,,
421,2006,2006,5,22,1.18,E73,,,,,,
421,2006,2006,8,4,0.00,,,,,,,
421,2007,2006,10,5,0.12,,,,,,,
421,2007,2006,10,14,0.87,,,,,,,
421,2007,2006,11,27,0.16,,,,,,,
421,2007,2006,11,28,0.08,,,,,,,
421,2007,2006,11,29,0.04,,,,,,,
421,2007,2006,12,9,0.12,,,,,,,
421,2007,2006,12,10,0.08,,,,,,,
421,2007,2006,12,11,0.04,,,,,,,
421,2007,2006,12,12,0.04,,,,,,,
421,2007,2006,12,13,0.04,,,,,,,
421,2007,2006,12,14,0.04,,,,,,,
421,2007,2006,12,17,0.04,,,,,,,
421,2007,2006,12,23,0.04,,,,,,,
421,2007,2006,12,28,0.04,,,,,,,
421,2007,2006,12,29,0.35,,,,,,,
421,2007,2007,1,5,0.08,,,,,,,
421,2007,2007,1,18,0.04,,,,,,,
421,2007,2007,1,27,0.08,,,,,,,
421,2007,2007,1,28,0.51,,,,,,,
421,2007,2007,1,29,0.28,,,,,,,
421,2007,2007,1,31,0.12,,,,,,,
421,2007,2007,2,11,1.46,,,,,,,
421,2007,2007,2,13,0.04,,,,,,,
421,2007,2007,2,19,1.06,,,,,,,
421,2007,2007,2,22,0.04,,,,,,,
421,2007,2007,2,23,0.47,,,,,,,
421,2007,2007,2,24,0.16,,,,,,,
421,2007,2007,2,25,0.04,,,,,,,
421,2007,2007,2,27,0.63,,,,,,,
421,2007,2007,2,28,0.04,,,,,,,
421,2007,2007,3,1,0.28,,,,,,,
421,2007,2007,3,21,0.55,,,,,,,
421,2007,2007,3,27,0.04,,,,,,,
421,2007,2007,3,28,0.04,,,,,,,
421,2007,2007,4,20,0.28,,,,,,,
421,2007,2007,4,21,0.20,,,,,,,
421,2007,2007,4,23,0.16,,,,,,,
421,2007,2007,8,31,0.04,,,,,,,
421,2008,2007,9,22,0.28,,,,,,,
421,2008,2007,9,23,0.28,,,,,,,
421,2008,2007,9,24,0.04,,,,,,,
421,2008,2007,10,13,0.51,,,,,,,
421,2008,2007,10,17,0.20,,,,,,,
421,2008,2007,10,28,0.04,,,,,,,
421,2008,2007,11,12,0.12,,,,,,,
421,2008,2007,12,7,0.63,,,,,,,
421,2008,2007,12,8,0.16,,,,,,,
421,2008,2007,12,9,0.04,,,,,,,
421,2008,2007,12,18,0.31,,,,,,,
421,2008,2007,12,19,2.44,,,,,,,
421,2008,2007,12,21,0.12,,,,,,,
421,2008,2008,1,5,2.68,,,,,,,
421,2008,2008,1,6,0.75,,,,,,,
421,2008,2008,1,7,0.55,,,,,,,
421,2008,2008,1,9,0.04,,,,,,,
421,2008,2008,1,22,0.04,,,,,,,
421,2008,2008,1,23,1.06,,,,,,,
421,2008,2008,1,24,1.06,,,,,,,
421,2008,2008,1,25,1.46,,,,,,,
421,2008,2008,1,26,0.75,,,,,,,
421,2008,2008,1,27,1.30,,,,,,,
421,2008,2008,1,28,1.73,,,,,,,
421,2008,2008,2,3,1.10,,,,,,,
421,2008,2008,2,4,0.28,,,,,,,
421,2008,2008,2,20,0.35,,,,,,,
421,2008,2008,2,22,0.04,,,,,,,
421,2008,2008,2,23,0.28,,,,,,,
421,2008,2008,2,24,0.51,,,,,,,
421,2008,2008,2,25,0.24,,,,,,,
421,2008,2008,2,26,0.63,,,,,,,
421,2008,2008,3,17,0.16,,,,,,,
421,2008,2008,4,3,0.08,,,,,,,
421,2008,2008,5,24,0.20,,,,,,,
421,2009,2008,10,4,0.02,,,,,,,
421,2009,2008,10,5,0.09,,,,,,,
421,2009,2008,10,6,0.01,,,,,,,
421,2009,2008,11,1,0.01,,,,,,,
421,2009,2008,11,2,0.30,,,,,,,
421,2009,2008,11,4,0.51,,,,,,,
421,2009,2008,11,9,0.02,,,,,,,
421,2009,2008,11,26,1.13,,,,,,,
421,2009,2008,11,27,0.44,,,,,,,
421,2009,2008,12,14,0.01,,,,,,,
421,2009,2008,12,15,1.03,,,,,,,
421,2009,2008,12,16,0.17,,,,,,,
421,2009,2008,12,17,0.04,,,,,,,
421,2009,2008,12,18,0.01,,,,,,,
421,2009,2008,12,22,0.36,,,,,,,
421,2009,2008,12,23,0.04,,,,,,,
421,2009,2008,12,25,0.03,,,,,,,
421,2009,2008,12,26,0.18,,,,,,,
421,2009,2009,1,22,0.11,,,,,,,
421,2009,2009,1,23,0.25,,,,,,,
421,2009,2009,1,24,0.38,,,,,,,
421,2009,2009,1,25,0.15,,,,,,,
421,2009,2009,2,5,0.05,,,,,,,
421,2009,2009,2,6,0.21,,,,,,,
421,2009,2009,2,7,1.20,,,,,,,
421,2009,2009,2,8,0.12,,,,,,,
421,2009,2009,2,9,0.20,,,,,,,
421,2009,2009,2,10,0.40,,,,,,,
421,2009,2009,2,12,0.06,,,,,,,
421,2009,2009,2,14,0.37,,,,,,,
421,2009,2009,2,16,0.42,,,,,,,
421,2009,2009,2,17,0.61,,,,,,,
421,2009,2009,2,18,0.02,,,,,,,
421,2009,2009,2,22,0.26,,,,,,,
421,2009,2009,2,23,0.13,,,,,,,
421,2009,2009,2,26,0.01,,,,,,,
421,2009,2009,3,4,0.75,,,,,,,
421,2009,2009,3,5,0.28,,,,,,,
421,2009,2009,3,22,0.29,,,,,,,
421,2009,2009,3,23,0.02,,,,,,,
421,2009,2009,4,8,0.14,,,,,,,
421,2009,2009,4,9,0.04,,,,,,,
421,2009,2009,5,2,0.06,,,,,,,
421,2009,2009,6,5,0.06,,,,,,,
421,2009,2009,6,6,0.01,,,,,,,
421,2009,2009,8,11,0.01,,,,,,,
421,2009,2009,8,23,0.05,,,,,,,
421,2010,2009,9,14,0.05,E,,,,,,
421,2010,2009,9,15,0.01,E,,,,,,
421,2010,2009,10,13,0.01,E,,,,,,
421,2010,2009,10,14,1.69,E,,,,,,
421,2010,2009,10,15,0.18,E,,,,,,
421,2010,2009,12,7,0.33,E,,,,,,
421,2010,2009,12,8,0.50,E,,,,,,
421,2010,2009,12,11,1.17,E,,,,,,
421,2010,2009,12,12,0.24,E,,,,,,
421,2010,2009,12,13,1.26,E,,,,,,
421,2010,2009,12,14,0.10,E,,,,,,
421,2010,2009,12,22,0.13,E,,,,,,
421,2010,2009,12,23,0.01,E,,,,,,
421,2010,2009,12,30,0.11,E,,,,,,
421,2010,2009,12,31,0.11,E,,,,,,
421,2010,2010,1,13,0.83,E,,,,,,
421,2010,2010,1,18,0.78,E,,,,,,
421,2010,2010,1,19,1.01,E,,,,,,
421,2010,2010,1,20,0.73,E,,,,,,
421,2010,2010,1,21,1.21,E,,,,,,
421,2010,2010,1,22,1.17,E,,,,,,
421,2010,2010,1,23,0.60,E,,,,,,
421,2010,2010,1,24,0.02,E,,,,,,
421,2010,2010,1,27,0.45,E,,,,,,
421,2010,2010,2,5,0.35,E,,,,,,
421,2010,2010,2,6,0.32,E,,,,,,
421,2010,2010,2,7,0.59,E,,,,,,
421,2010,2010,2,10,0.56,E,,,,,,
421,2010,2010,2,20,0.12,E,,,,,,
421,2010,2010,2,21,0.12,E,,,,,,
421,2010,2010,2,22,0.20,E,,,,,,
421,2010,2010,2,23,0.01,E,,,,,,
421,2010,2010,2,24,0.20,E,,,,,,
421,2010,2010,2,25,0.31,E,,,,,,
421,2010,2010,2,26,0.01,E,,,,,,
421,2010,2010,2,27,1.83,E,,,,,,
421,2010,2010,2,28,0.56,E,,,,,,
421,2010,2010,3,4,0.51,,,,,,,
421,2010,2010,3,7,0.09,,,,,,,
421,2010,2010,3,9,0.01,,,,,,,
421,2010,2010,3,10,0.01,,,,,,,
421,2010,2010,3,14,0.01,,,,,,,
421,2010,2010,4,1,0.04,,,,,,,
421,2010,2010,4,5,0.61,,,,,,,
421,2010,2010,4,12,1.32,,,,,,,
421,2010,2010,4,13,0.48,,,,,,,
421,2010,2010,4,20,0.05,,,,,,,
421,2010,2010,4,21,0.63,,,,,,,
421,2010,2010,4,22,0.16,,,,,,,
421,2010,2010,4,23,0.02,,,,,,,
421,2010,2010,4,28,0.40,,,,,,,
421,2010,2010,4,30,0.06,,,,,,,
421,2010,2010,5,18,0.18,,,,,,,
421,2010,2010,5,27,0.07,,,,,,,
421,2011,2010,10,4,0.01,,,,,,,
421,2011,2010,10,6,0.89,,,,,,,
421,2011,2010,10,7,0.07,,,,,,,
421,2011,2010,10,18,0.08,,,,,,,
421,2011,2010,10,19,0.25,,,,,,,
421,2011,2010,10,20,0.16,,,,,,,
421,2011,2010,10,23,0.19,,,,,,,
421,2011,2010,10,25,0.07,,,,,,,
421,2011,2010,10,30,0.59,,,,,,,
421,2011,2010,11,8,0.54,,,,,,,
421,2011,2010,11,20,0.63,,,,,,,
421,2011,2010,11,21,0.76,,,,,,,
421,2011,2010,11,22,0.04,,,,,,,
421,2011,2010,11,24,0.52,,,,,,,
421,2011,2010,11,28,0.12,,,,,,,
421,2011,2010,12,4,0.21,,,,,,,
421,2011,2010,12,6,0.77,,,,,,,
421,2011,2010,12,17,0.10,,,,,,,
421,2011,2010,12,18,0.70,,,,,,,
421,2011,2010,12,19,2.49,,,,,,,
421,2011,2010,12,20,3.80,,,,,,,
421,2011,2010,12,21,0.91,,,,,,,
421,2011,2010,12,22,1.32,,,,,,,
421,2011,2010,12,23,0.68,,,,,,,
421,2011,2010,12,25,0.01,,,,,,,
421,2011,2010,12,26,0.80,,,,,,,
421,2011,2010,12,29,1.29,,,,,,,
421,2011,2010,12,30,0.10,,,,,,,
421,2011,2011,1,2,0.24,,,,,,,
421,2011,2011,1,3,0.36,,,,,,,
421,2011,2011,1,4,0.01,,,,,,,
421,2011,2011,1,30,0.20,,,,,,,
421,2011,2011,1,31,0.74,,,,,,,
421,2011,2011,2,15,0.07,,,,,,,
421,2011,2011,2,16,0.25,,,,,,,
421,2011,2011,2,17,0.47,,,,,,,
421,2011,2011,2,18,0.05,,,,,,,
421,2011,2011,2,19,1.34,,,,,,,
421,2011,2011,2,20,0.08,,,,,,,
421,2011,2011,2,21,0.37,,,,,,,
421,2011,2011,2,25,0.07,,,,,,,
421,2011,2011,2,26,1.58,,,,,,,
421,2011,2011,2,28,0.07,,,,,,,
421,2011,2011,3,2,0.06,,,,,,,
421,2011,2011,3,3,0.31,,,,,,,
421,2011,2011,3,4,0.01,,,,,,,
421,2011,2011,3,7,0.19,,,,,,,
421,2011,2011,3,19,0.39,,,,,,,
421,2011,2011,3,20,1.95,,,,,,,
421,2011,2011,3,21,2.46,,,,,,,
421,2011,2011,3,22,0.17,,,,,,,
421,2011,2011,3,23,0.01,,,,,,,
421,2011,2011,3,24,0.50,,,,,,,
421,2011,2011,3,25,0.63,,,,,,,
421,2011,2011,3,27,0.28,,,,,,,
421,2011,2011,4,3,0.02,,,,,,,
421,2011,2011,4,8,0.13,,,,,,,
421,2011,2011,4,9,0.24,,,,,,,
421,2011,2011,4,13,0.01,,,,,,,
421,2011,2011,4,21,0.06,,,,,,,
421,2011,2011,5,15,0.22,,,,,,,
421,2011,2011,5,16,0.03,,,,,,,
421,2011,2011,5,17,0.13,,,,,,,
421,2011,2011,5,18,0.51,,,,,,,
421,2011,2011,5,19,0.03,,,,,,,
421,2011,2011,5,29,0.09,,,,,,,
421,2011,2011,6,5,0.23,,,,,,,
421,2011,2011,6,6,0.35,,,,,,,
421,2012,2011,9,24,0.13,,,,,,,
421,2012,2011,10,4,0.13,,,,,,,
421,2012,2011,10,5,0.38,,,,,,,
421,2012,2011,10,6,0.31,,,,,,,
421,2012,2011,10,7,0.16,,,,,,,
421,2012,2011,10,26,0.01,,,,,,,
421,2012,2011,11,4,0.23,,,,,,,
421,2012,2011,11,5,0.02,,,,,,,
421,2012,2011,11,6,0.17,,,,,,,
421,2012,2011,11,7,0.01,,,,,,,
421,2012,2011,11,12,0.79,,,,,,,
421,2012,2011,11,20,0.80,,,,,,,
421,2012,2011,11,21,0.60,,,,,,,
421,2012,2011,12,12,0.26,,,,,,,
421,2012,2011,12,13,0.13,,,,,,,
421,2012,2012,1,21,1.41,,,,,,,
421,2012,2012,1,22,0.01,,,,,,,
421,2012,2012,1,23,0.52,,,,,,,
421,2012,2012,1,24,0.65,,,,,,,
421,2012,2012,2,7,0.04,,,,,,,
421,2012,2012,2,8,0.06,,,,,,,
421,2012,2012,2,13,0.04,,,,,,,
421,2012,2012,2,14,0.20,,,,,,,
421,2012,2012,2,15,0.01,,,,,,,
421,2012,2012,2,16,0.12,,,,,,,
421,2012,2012,2,28,0.09,,,,,,,
421,2012,2012,3,1,0.13,,,,,,,
421,2012,2012,3,17,1.38,,,,,,,
421,2012,2012,3,18,0.78,,,,,,,
421,2012,2012,3,19,0.11,,,,,,,
421,2012,2012,3,25,0.85,,,,,,,
421,2012,2012,3,26,0.46,,,,,,,
421,2012,2012,4,1,0.60,,,,,,,
421,2012,2012,4,2,0.01,,,,,,,
421,2012,2012,4,11,0.86,,,,,,,
421,2012,2012,4,12,0.15,,,,,,,
421,2012,2012,4,13,1.77,,,,,,,
421,2012,2012,4,14,0.62,,,,,,,
421,2012,2012,4,15,0.01,,,,,,,
421,2012,2012,4,25,0.04,,,,,,,
421,2012,2012,4,26,0.20,,,,,,,
421,2012,2012,4,27,0.06,,,,,,,
421,2012,2012,4,28,0.01,,,,,,,
421,2013,2012,9,7,0.02,,,,,,,
421,2013,2012,9,8,0.01,,,,,,,
421,2013,2012,10,5,0.01,,,,,,,
421,2013,2012,10,12,0.41,,,,,,,
421,2013,2012,10,23,0.19,,,,,,,
421,2013,2012,11,9,0.02,,,,,,,
421,2013,2012,11,16,0.02,,,,,,,
421,2013,2012,11,17,0.30,,,,,,,
421,2013,2012,11,18,0.33,,,,,,,
421,2013,2012,11,19,0.05,,,,,,,
421,2013,2012,11,20,0.01,,,,,,,
421,2013,2012,11,29,0.18,,,,,,,
421,2013,2012,11,30,0.11,,,,,,,
421,2013,2012,12,1,0.32,,,,,,,
421,2013,2012,12,2,0.41,,,,,,,
421,2013,2012,12,3,1.43,,,,,,,
421,2013,2012,12,4,0.01,,,,,,,
421,2013,2012,12,13,0.42,,,,,,,
421,2013,2012,12,16,0.12,,,,,,,
421,2013,2012,12,17,0.03,,,,,,,
421,2013,2012,12,18,0.61,,,,,,,
421,2013,2012,12,23,0.33,,,,,,,
421,2013,2012,12,24,1.12,,,,,,,
421,2013,2012,12,25,0.01,,,,,,,
421,2013,2012,12,26,0.36,,,,,,,
421,2013,2012,12,27,0.25,,,,,,,
421,2013,2012,12,29,0.22,,,,,,,
421,2013,2012,12,30,0.50,,,,,,,
421,2013,2013,1,6,0.50,,,,,,,
421,2013,2013,1,7,0.47,,,,,,,
421,2013,2013,1,24,0.83,,,,,,,
421,2013,2013,1,25,0.79,,,,,,,
421,2013,2013,1,26,1.08,,,,,,,
421,2013,2013,1,27,0.01,,,,,,,
421,2013,2013,2,9,0.54,,,,,,,
421,2013,2013,2,20,0.17,,,,,,,
421,2013,2013,2,21,0.05,,,,,,,
421,2013,2013,3,6,0.03,,,,,,,
421,2013,2013,3,7,0.10,,,,,,,
421,2013,2013,3,8,0.88,,,,,,,
421,2013,2013,3,9,0.04,,,,,,,
421,2013,2013,3,30,0.01,,,,,,,
421,2013,2013,3,31,0.04,,,,,,,
421,2013,2013,4,1,0.08,,,,,,,
421,2013,2013,4,3,0.01,,,,,,,
421,2013,2013,5,6,0.06,,,,,,,
421,2013,2013,7,23,0.01,,,,,,,
421,2014,2013,10,10,0.10,,,,,,,
421,2014,2013,10,28,0.06,,,,,,,
421,2014,2013,10,29,0.30,,,,,,,
421,2014,2013,11,21,0.69,,,,,,,
421,2014,2013,11,22,0.04,,,,,,,
421,2014,2013,11,29,0.33,,,,,,,
421,2014,2013,11,30,0.29,,,,,,,
421,2014,2013,12,7,0.29,,,,,,,
421,2014,2013,12,8,0.10,,,,,,,
421,2014,2013,12,19,0.09,,,,,,,
421,2014,2013,12,20,0.03,,,,,,,
421,2014,2014,1,27,0.02,,,,,,,
421,2014,2014,1,31,0.02,,,,,,,
421,2014,2014,2,3,0.20,,,,,,,
421,2014,2014,2,6,0.03,,,,,,,
421,2014,2014,2,7,0.59,,,,,,,
421,2014,2014,2,27,0.43,,,,,,,
421,2014,2014,2,28,0.81,,,,,,,
421,2014,2014,3,1,2.58,,,,,,,
421,2014,2014,3,2,0.56,,,,,,,
421,2014,2014,3,3,0.11,,,,,,,
421,2014,2014,3,26,0.13,,,,,,,
421,2014,2014,3,27,0.18,,,,,,,
421,2014,2014,3,30,0.11,,,,,,,
421,2014,2014,4,1,0.52,,,,,,,
421,2014,2014,4,2,0.22,,,,,,,
421,2014,2014,4,3,0.02,,,,,,,
421,2014,2014,4,26,0.22,,,,,,,
421,2015,2014,11,1,1.17,,,,,,,
421,2015,2014,11,2,0.29,,,,,,,
421,2015,2014,11,21,0.05,,,,,,,
421,2015,2014,11,22,0.01,,,,,,,
421,2015,2014,12,2,0.29,,,,,,,
421,2015,2014,12,3,1.24,,,,,,,
421,2015,2014,12,12,2.47,,,,,,,
421,2015,2014,12,13,0.19,,,,,,,
421,2015,2014,12,14,0.01,,,,,,,
421,2015,2014,12,16,0.29,,,,,,,
421,2015,2014,12,17,0.61,,,,,,,
421,2015,2014,12,18,0.07,,,,,,,
421,2015,2014,12,19,0.04,,,,,,,
421,2015,2014,12,25,0.01,,,,,,,
421,2015,2015,1,11,0.91,,,,,,,
421,2015,2015,1,12,0.01,,,,,,,
421,2015,2015,1,27,0.12,,,,,,,
421,2015,2015,2,7,0.08,,,,,,,
421,2015,2015,2,8,0.99,,,,,,,
421,2015,2015,2,9,0.32,,,,,,,
421,2015,2015,2,23,0.25,,,,,,,
421,2015,2015,3,1,0.08,,,,,,,
421,2015,2015,3,2,0.14,,,,,,,
421,2015,2015,3,3,0.28,,,,,,,
421,2015,2015,4,7,0.04,,,,,,,
421,2015,2015,4,8,0.54,,,,,,,
421,2015,2015,4,26,0.25,,,,,,,
421,2015,2015,5,8,0.43,,,,,,,
421,2015,2015,5,15,0.19,,,,,,,
421,2015,2015,6,10,0.30,,,,,,,
421,2015,2015,7,20,0.01,,,,,,,
421,2016,2015,9,15,0.31,,,,,,,
421,2016,2015,9,16,0.07,,,,,,,
421,2016,2015,10,4,0.02,,,,,,,
421,2016,2015,10,5,0.01,,,,,,,
421,2016,2015,10,6,0.01,,,,,,,
421,2016,2015,10,15,0.10,,,,,,,
421,2016,2015,10,16,0.01,,,,,,,
421,2016,2015,11,3,0.30,,,,,,,
421,2016,2015,11,9,0.02,,,,,,,
421,2016,2015,11,10,0.02,,,,,,,
421,2016,2015,11,12,0.01,,,,,,,
421,2016,2015,11,16,0.26,,,,,,,
421,2016,2015,11,17,0.01,,,,,,,
421,2016,2015,11,25,0.06,,,,,,,
421,2016,2015,12,11,0.31,,,,,,,
421,2016,2015,12,12,0.03,,,,,,,
421,2016,2015,12,14,0.28,,,,,,,
421,2016,2015,12,20,0.32,,,,,,,
421,2016,2015,12,22,0.40,,,,,,,
421,2016,2015,12,23,0.06,,,,,,,
421,2016,2015,12,25,0.03,,,,,,,
421,2016,2015,12,26,0.01,,,,,,,
421,2016,2016,1,5,0.57,,,,,,,
421,2016,2016,1,6,1.41,,,,,,,
421,2016,2016,1,7,2.08,,,,,,,
421,2016,2016,1,8,0.09,,,,,,,
421,2016,2016,1,10,0.02,,,,,,,
421,2016,2016,1,11,0.06,,,,,,,
421,2016,2016,1,14,0.01,,,,,,,
421,2016,2016,1,18,0.07,,,,,,,
421,2016,2016,1,19,0.14,,,,,,,
421,2016,2016,1,20,1.19,,,,,,,
421,2016,2016,1,23,0.02,,,,,,,
421,2016,2016,1,25,0.01,,,,,,,
421,2016,2016,1,31,0.15,,,,,,,
421,2016,2016,2,1,1.28,,,,,,,
421,2016,2016,2,18,0.96,,,,,,,
421,2016,2016,3,5,0.04,,,,,,,
421,2016,2016,3,6,1.38,,,,,,,
421,2016,2016,3,7,0.74,,,,,,,
421,2016,2016,3,8,0.56,,,,,,,
421,2016,2016,3,12,1.10,,,,,,,
421,2016,2016,3,14,0.27,,,,,,,
421,2016,2016,3,16,0.01,,,,,,,
421,2016,2016,4,8,0.15,,,,,,,
421,2016,2016,4,9,0.53,,,,,,,
421,2016,2016,4,10,0.63,,,,,,,
421,2016,2016,4,11,0.04,,,,,,,
421,2016,2016,4,23,0.01,,,,,,,
421,2016,2016,5,6,0.47,,,,,,,
421,2016,2016,5,7,1.23,,,,,,,
421,2016,2016,5,8,0.01,,,,,,,
421,2016,2016,5,9,0.01,,,,,,,
421,2017,2016,10,16,0.30,,,,,,,
421,2017,2016,10,17,0.62,,,,,,,
421,2017,2016,10,28,0.97,,,,,,,
421,2017,2016,10,29,0.20,,,,,,,
421,2017,2016,10,30,0.06,,,,,,,
421,2017,2016,10,31,0.14,,,,,,,
421,2017,2016,11,2,0.01,,,,,,,
421,2017,2016,11,21,0.63,,,,,,,
421,2017,2016,11,27,0.78,,,,,,,
421,2017,2016,11,28,0.23,,,,,,,
421,2017,2016,12,9,0.31,,,,,,,
421,2017,2016,12,10,0.03,,,,,,,
421,2017,2016,12,16,1.02,,,,,,,
421,2017,2016,12,17,0.01,,,,,,,
421,2017,2016,12,24,1.40,,,,,,,
421,2017,2016,12,30,0.02,,,,,,,
421,2017,2016,12,31,0.04,,,,,,,
421,2017,2017,1,1,0.18,,,,,,,
421,2017,2017,1,5,0.75,,,,,,,
421,2017,2017,1,7,0.39,,,,,,,
421,2017,2017,1,8,0.77,,,,,,,
421,2017,2017,1,9,1.79,,,,,,,
421,2017,2017,1,10,0.10,,,,,,,
421,2017,2017,1,11,0.75,,,,,,,
421,2017,2017,1,12,0.35,,,,,,,
421,2017,2017,1,13,0.09,,,,,,,
421,2017,2017,1,19,0.46,,,,,,,
421,2017,2017,1,20,0.45,,,,,,,
421,2017,2017,1,21,1.28,,,,,,,
421,2017,2017,1,22,0.45,,,,,,,
421,2017,2017,1,23,1.42,,,,,,,
421,2017,2017,1,24,0.11,,,,,,,
421,2017,2017,2,2,0.04,,,,,,,
421,2017,2017,2,3,0.28,,,,,,,
421,2017,2017,2,4,0.07,,,,,,,
421,2017,2017,2,6,0.87,,,,,,,
421,2017,2017,2,7,0.13,,,,,,,
421,2017,2017,2,8,0.86,,,,,,,
421,2017,2017,2,9,0.01,,,,,,,
421,2017,2017,2,10,0.14,,,,,,,
421,2017,2017,2,11,1.17,,,,,,,
421,2017,2017,2,12,0.08,,,,,,,
421,2017,2017,2,17,1.13,,,,,,,
421,2017,2017,2,18,3.11,,,,,,,
421,2017,2017,2,19,0.31,,,,,,,
421,2017,2017,2,20,0.79,,,,,,,
421,2017,2017,2,21,0.03,,,,,,,
421,2017,2017,2,22,0.05,,,,,,,
421,2017,2017,2,26,0.10,,,,,,,
421,2017,2017,2,28,0.01,,,,,,,
421,2017,2017,3,6,0.44,,,,,,,
421,2017,2017,3,7,0.01,,,,,,,
421,2017,2017,3,21,0.22,,,,,,,
421,2017,2017,3,22,0.22,,,,,,,
421,2017,2017,3,23,0.02,,,,,,,
421,2017,2017,3,24,0.01,,,,,,,
421,2017,2017,3,25,0.09,,,,,,,
421,2017,2017,3,26,0.01,,,,,,,
421,2017,2017,4,8,0.46,,,,,,,
421,2017,2017,4,14,0.15,,,,,,,
421,2017,2017,4,17,0.08,,,,,,,
421,2017,2017,4,18,0.08,,,,,,,
421,2017,2017,4,19,0.27,,,,,,,
421,2017,2017,5,6,0.01,,,,,,,
421,2017,2017,5,7,0.32,,,,,,,
421,2017,2017,5,8,0.03,,,,,,,
421,2017,2017,5,11,0.01,,,,,,,
421,2017,2017,6,5,0.01,,,,,,,
421,2018,2017,9,3,0.03,,,,,,,
421,2018,2017,9,4,0.38,,,,,,,
421,2018,2017,9,5,0.01,,,,,,,
421,2018,2017,9,11,0.43,,,,,,,
421,2018,2017,9,12,0.01,,,,,,,
421,2018,2017,11,5,0.06,,,,,,,
421,2018,2017,11,17,0.01,,,,,,,
421,2018,2017,11,27,0.07,,,,,,,
421,2018,2018,1,4,0.75,,,,,,,
421,2018,2018,1,5,0.32,,,,,,,
421,2018,2018,1,8,0.02,,,,,,,
421,2018,2018,1,9,2.05,,,,,,,
421,2018,2018,1,10,0.50,,,,,,,
421,2018,2018,1,20,0.03,,,,,,,
421,2018,2018,2,27,0.11,,,,,,,
421,2018,2018,3,2,1.13,,,,,,,
421,2018,2018,3,3,0.30,,,,,,,
421,2018,2018,3,4,0.04,,,,,,,
421,2018,2018,3,5,0.01,,,,,,,
421,2018,2018,3,11,0.74,,,,,,,
421,2018,2018,3,13,0.17,,,,,,,
421,2018,2018,3,14,0.72,,,,,,,
421,2018,2018,3,15,0.55,,,,,,,
421,2018,2018,3,16,0.01,,,,,,,
421,2018,2018,3,17,0.33,,,,,,,
421,2018,2018,3,18,0.02,,,,,,,
421,2018,2018,3,21,1.20,,,,,,,
421,2018,2018,3,22,1.78,,,,,,,
421,2018,2018,3,23,1.36,,,,,,,
421,2018,2018,3,24,0.01,,,,,,,
421,2018,2018,4,7,0.02,,,,,,,
421,2018,2018,4,8,0.09,,,,,,,
421,2018,2018,4,19,0.17,,,,,,,
421,2018,2018,5,2,0.52,,,,,,,
421,2018,2018,5,25,0.04,,,,,,,
421,2019,2018,10,3,0.02,,,,,,,
421,2019,2018,10,4,0.25,,,,,,,
421,2019,2018,11,22,0.41,,,,,,,
421,2019,2018,11,23,0.01,,,,,,,
421,2019,2018,11,29,2.12,,,,,,,
421,2019,2018,11,30,0.81,,,,,,,
421,2019,2018,12,2,0.07,,,,,,,
421,2019,2018,12,5,0.15,,,,,,,
421,2019,2018,12,6,0.12,,,,,,,
421,2019,2018,12,7,0.32,,,,,,,
421,2019,2018,12,17,0.20,,,,,,,
421,2019,2018,12,18,0.06,,,,,,,
421,2019,2018,12,25,0.41,,,,,,,
421,2019,2018,12,26,0.01,,,,,,,
421,2019,2019,1,6,0.88,,,,,,,
421,2019,2019,1,7,0.98,,,,,,,
421,2019,2019,1,8,0.03,,,,,,,
421,2019,2019,1,10,0.23,,,,,,,
421,2019,2019,1,12,0.90,,,,,,,
421,2019,2019,1,14,0.02,,,,,,,
421,2019,2019,1,15,0.41,,,,,,,
421,2019,2019,1,16,0.25,,,,,,,
421,2019,2019,1,17,2.16,,,,,,,
421,2019,2019,1,19,0.01,,,,,,,
421,2019,2019,1,21,0.08,,,,,,,
421,2019,2019,1,31,0.81,,,,,,,
421,2019,2019,2,1,0.40,,,,,,,
421,2019,2019,2,2,0.79,,,,,,,
421,2019,2019,2,3,1.56,,,,,,,
421,2019,2019,2,4,1.23,,,,,,,
421,2019,2019,2,5,0.78,,,,,,,
421,2019,2019,2,6,0.11,,,,,,,
421,2019,2019,2,9,0.64,,,,,,,
421,2019,2019,2,10,0.11,,,,,,,
421,2019,2019,2,11,0.26,,,,,,,
421,2019,2019,2,13,0.03,,,,,,,
421,2019,2019,2,14,0.65,,,,,,,
421,2019,2019,2,15,0.33,,,,,,,
421,2019,2019,2,16,0.58,,,,,,,
421,2019,2019,2,17,0.01,,,,,,,
421,2019,2019,2,18,0.32,,,,,,,
421,2019,2019,2,19,0.02,,,,,,,
421,2019,2019,2,21,0.09,,,,,,,
421,2019,2019,2,22,0.03,,,,,,,
421,2019,2019,2,27,0.09,,,,,,,
421,2019,2019,2,28,0.35,,,,,,,
421,2019,2019,3,2,1.09,,,,,,,
421,2019,2019,3,3,0.33,,,,,,,
421,2019,2019,3,4,0.01,,,,,,,
421,2019,2019,3,6,1.43,,,,,,,
421,2019,2019,3,7,0.30,,,,,,,
421,2019,2019,3,8,0.03,,,,,,,
421,2019,2019,3,10,0.05,,,,,,,
421,2019,2019,3,20,0.16,,,,,,,
421,2019,2019,3,21,0.62,,,,,,,
421,2019,2019,3,22,0.05,,,,,,,
421,2019,2019,3,24,0.04,,,,,,,
421,2019,2019,3,25,0.01,,,,,,,
421,2019,2019,3,28,0.12,,,,,,,
421,2019,2019,3,29,0.01,,,,,,,
421,2019,2019,4,4,0.05,,,,,,,
421,2019,2019,4,7,0.01,,,,,,,
421,2019,2019,4,17,0.01,,,,,,,
421,2019,2019,4,29,0.06,,,,,,,
421,2019,2019,4,30,0.06,,,,,,,
421,2019,2019,5,6,0.02,,,,,,,
421,2019,2019,5,7,0.06,,,,,,,
421,2019,2019,5,10,0.07,,,,,,,
421,2019,2019,5,11,0.16,,,,,,,
421,2019,2019,5,16,0.42,,,,,,,
421,2019,2019,5,17,0.01,,,,,,,
421,2019,2019,5,19,0.87,,,,,,,
421,2019,2019,5,20,0.27,,,,,,,
421,2019,2019,5,23,0.02,,,,,,,
421,2019,2019,5,26,0.04,,,,,,,
421,2019,2019,5,27,0.23,,,,,,,
421,2019,2019,5,28,0.01,,,,,,,
421,2019,2019,6,2,0.23,,,,,,,
421,2019,2019,6,21,0.03,,,,,,,
421,2019,2019,6,22,0.02,,,,,,,
421,2020,2019,9,28,0.04,,,,,,,
421,2020,2019,11,20,0.15,,,,,,,
421,2020,2019,11,27,0.65,,,,,,,
421,2020,2019,11,28,0.35,,,,,,,
421,2020,2019,11,29,0.59,,,,,,,
421,2020,2019,11,30,0.10,,,,,,,
421,2020,2019,12,1,0.68,,,,,,,
421,2020,2019,12,3,0.09,,,,,,,
421,2020,2019,12,4,0.48,,,,,,,
421,2020,2019,12,5,0.39,,,,,,,
421,2020,2019,12,6,0.01,,,,,,,
421,2020,2019,12,8,0.63,,,,,,,
421,2020,2019,12,9,0.50,,,,,,,
421,2020,2019,12,23,0.95,,,,,,,
421,2020,2019,12,24,0.51,,,,,,,
421,2020,2019,12,26,1.27,,,,,,,
421,2020,2019,12,30,0.11,,,,,,,
421,2020,2019,12,31,0.01,,,,,,,
421,2020,2020,1,10,0.10,,,,,,,
421,2020,2020,1,17,0.51,,,,,,,
421,2020,2020,1,21,0.05,,,,,,,
421,2020,2020,2,10,0.01,,,,,,,
421,2020,2020,3,2,0.33,,,,,,,
421,2020,2020,3,7,0.04,,,,,,,
421,2020,2020,3,8,0.33,,,,,,,
421,2020,2020,3,11,3.39,,,,,,,
421,2020,2020,3,12,0.16,,,,,,,
421,2020,2020,3,14,0.05,,,,,,,
421,2020,2020,3,15,0.29,,,,,,,
421,2020,2020,3,16,1.14,,,,,,,
421,2020,2020,3,17,1.22,,,,,,,
421,2020,2020,3,18,0.06,,,,,,,
421,2020,2020,3,20,0.12,,,,,,,
421,2020,2020,3,23,0.95,,,,,,,
421,2020,2020,3,24,0.01,,,,,,,
421,2020,2020,3,26,0.02,,,,,,,
421,2020,2020,4,6,2.98,,,,,,,
421,2020,2020,4,7,0.03,,,,,,,
421,2020,2020,4,8,0.62,,,,,,,
421,2020,2020,4,9,0.77,,,,,,,
421,2020,2020,4,10,0.19,,,,,,,
421,2020,2020,4,13,0.01,,,,,,,
421,2020,2020,4,17,0.09,,,,,,,
421,2020,2020,4,18,0.09,,,,,,,
421,2020,2020,4,20,0.01,,,,,,,
421,2020,2020,4,21,0.01,,,,,,,
421,2020,2020,5,12,0.01,,,,,,,
421,2020,2020,5,13,0.01,,,,,,,
421,2020,2020,5,18,0.26,,,,,,,
421,2020,2020,5,20,0.01,,,,,,,
421,2020,2020,6,6,0.08,,,,,,,
421,2020,2020,8,16,0.11,,,,,,,
421,2020,2020,8,31,0.00,,,,,,,
